University,Private,Apps,Accept,Enrol,Top10pct,Top25pct,FullTime,PartTime,RoomBoard,Books ,Personal
University of Alaska at Fairbanks,0,1852,1427,928,NA,NA,3885,4519,3590,650,2304
Huntingdon College,1,608,520,127,26,47,538,126,3920,500,1100
Alaska Pacific University,1,193,146,55,16,44,249,869,4120,800,1500
University of Alaska Southeast,0,146,117,89,4,24,492,1849,4764,500,1162
University of Alaska at Anchorage,0,2065,1598,1162,NA,NA,6209,10537,5120,580,1260
Alabama Agri. & Mech. Univ.,0,2817,1920,984,NA,NA,3958,305,2550,500,850
Faulkner University,1,345,320,179,NA,27,1367,578,3250,350,NA
University of Montevallo,0,1351,892,570,18,78,2385,331,3030,300,600
Alabama State University,0,4639,3272,1278,NA,NA,4051,405,1960,500,NA
Auburn University-Main Campus,0,7548,6791,3070,25,57,16262,1716,3933,600,1908
Birmingham-Southern College,1,805,588,287,67,88,1376,207,4325,400,900
University of North Alabama,0,1087,702,625,NA,40,3772,1034,2536,500,NA
Jacksonville State University,0,1627,1413,887,NA,NA,5160,1475,2600,570,1500
Judson College,1,313,228,137,10,30,552,67,3600,NA,NA
Livingston University,0,1206,957,444,NA,NA,1627,132,2449,570,2100
Miles College,1,686,427,242,NA,NA,746,123,2700,600,1000
University of Mobile,1,452,331,269,17,54,1417,301,3680,550,1200
Oakwood College,1,949,605,385,NA,NA,1316,135,3999,600,2500
Samford University,1,1680,1395,691,34,76,2959,402,3700,569,1650
Spring Hill College,1,773,694,230,NA,NA,942,224,4788,500,900
Stillman College,1,629,614,248,NA,NA,866,22,2754,600,1000
Talladega College,1,4414,1500,335,30,60,908,119,2964,1000,1400
Troy State University at Troy,0,1471,1281,824,18,67,4343,990,2570,300,NA
Tuskegee University,1,2267,1827,611,20,59,2825,144,3395,600,1425
University of Alabama at Tuscaloosa,0,7593,5972,2682,NA,57,13780,1599,3530,580,1654
University of Alabama at Birmingham,0,1797,1260,938,24,35,6960,4698,5175,750,2200
University of Alabama at Huntsville,0,1376,957,445,NA,57,2727,3394,3500,600,2100
University of South Alabama,0,2328,2110,1047,NA,NA,7516,2943,2850,480,1470
Auburn University at Montgomery,0,985,868,645,NA,NA,3477,1929,4430,600,2500
University of Arkansas at Monticello,0,826,794,662,NA,NA,4539,357,2310,500,2800
University of Arkansas at Pine Bluff,0,1450,1360,744,NA,NA,2993,1020,2328,450,NA
Arkansas College (Lyon College),1,708,334,166,46,74,530,182,3922,500,800
Arkansas Tech University,0,1734,1729,951,12,52,3602,939,2650,450,1000
Arkansas State University,0,2688,2633,1488,NA,NA,7212,1707,2580,500,NA
University of Central Arkansas,0,3131,2703,1792,NA,47,7402,1119,2600,600,1761
University of the Ozarks,1,218,215,126,15,55,570,59,2850,400,2000
Henderson State University,0,1490,1490,771,21,47,2942,997,2400,500,NA
Hendrix College,1,823,721,274,52,87,954,6,3195,500,1200
John Brown University,1,605,405,284,24,53,961,99,3672,400,1350
University of Arkansas at Little Rock,0,1766,1322,1194,NA,NA,5753,4058,2435,800,800
Ouachita Baptist University,1,910,773,450,31,73,1310,61,2800,500,1500
Philander Smith College,1,350,350,222,12,23,701,239,1260,NA,NA
Williams Baptist College,1,220,210,131,12,34,509,97,2292,400,600
Southern Arkansas University,0,792,792,499,26,45,2229,270,2240,400,NA
University of Arkansas at Fayetteville,0,3235,3108,2133,25,65,9978,1530,3300,500,2000
Harding University,1,1721,1068,806,35,75,3128,213,3528,700,910
Grand Canyon University,1,497,393,169,NA,NA,1364,454,3100,400,1125
Arizona State University Main campus,0,12809,10308,3761,24,49,22593,7585,4850,700,2100
Northern Arizona University,0,5891,4931,1973,23,48,11249,2682,3728,620,2342
University of Arizona,0,14079,12238,4529,29,57,21664,4894,4216,620,2550
Prescott College,1,321,227,129,NA,NA,693,40,NA,400,3522
Azusa Pacific University,1,1080,948,504,25,56,2032,122,3700,250,750
Biola University,1,1118,896,459,NA,NA,2058,111,4546,1000,NA
California Baptist College,1,308,262,157,NA,44,592,113,3894,NA,NA
California Institute of Technology,1,1916,507,210,98,100,912,NA,5051,735,3466
California Lutheran University,1,563,247,247,23,52,1427,432,5300,612,576
California State Univ. at Fullerton,0,6004,4480,1470,NA,NA,12147,6681,3476,600,NA
California State Univ. at Hayward,0,2121,698,1126,NA,NA,6790,2988,2550,450,NA
California State Univ. at Long Beach,0,10278,7746,2576,NA,NA,NA,NA,4400,NA,NA
California State Univ. at Los Angeles,0,5609,2756,1268,NA,NA,9358,5222,2900,577,NA
California State Univ. at Dominguez Hills,0,1493,1194,428,NA,NA,4246,2457,2116,NA,NA
California State Univ. at San Bernardino,0,2329,1619,1521,NA,NA,6609,4398,NA,NA,NA
California Polytechnic-San Luis,0,7811,3817,1650,47,73,12911,1404,4877,612,2091
California Poly-Pomona,0,5945,3887,1566,NA,60,11177,4027,4862,630,2430
California State University at Chico,0,4816,3922,1278,NA,75,11822,1343,5050,612,2100
California State University at Fresno,0,4540,3294,1483,5,60,13494,1254,4368,600,1926
Humboldt State University,0,3467,2190,565,NA,NA,5637,678,4200,600,800
California State University at Sacramento,0,4348,3026,1234,NA,NA,13724,8161,4500,700,NA
San Diego State University,0,9402,7020,2151,20,70,16407,5550,5110,612,2400
California State University at Northridge,0,7672,5331,2157,NA,33,15567,7544,5500,576,1464
San Francisco State University,0,5385,3539,1259,NA,NA,13165,5937,6776,630,2286
San Jose State University,0,5210,4094,1420,NA,NA,14392,7263,4224,350,2204
Sonoma State University,0,2726,982,557,47,84,4239,1259,5189,610,1650
California State University at Stanislaus,0,1042,830,461,NA,NA,2895,1678,5300,650,NA
United States International University,1,322,168,51,NA,NA,237,67,4225,630,1836
Chapman University,1,959,771,351,23,48,1662,209,5895,600,1100
Claremont McKenna College,1,1860,767,227,71,93,887,1,6010,500,850
Harvey Mudd College,1,1377,572,178,95,100,654,5,6690,700,900
Pitzer College,1,1133,630,220,37,73,750,30,5900,650,850
Pomona College,1,3037,1130,390,80,98,1500,NA,7220,800,1000
Scripps College,1,855,632,139,60,83,569,7,7350,600,800
College of Notre Dame,1,344,264,97,11,42,500,331,5520,630,2250
Holy Names College,1,258,157,43,NA,NA,273,317,5280,630,2034
Dominican College of San Rafael,1,213,173,75,NA,NA,648,150,6100,650,2250
La Sierra University,1,659,530,325,NA,NA,1067,268,3885,683,2438
University of La Verne,1,1597,969,226,16,38,1431,1522,5050,630,2298
Menlo College,1,315,275,115,NA,NA,553,9,6200,500,NA
Mills College,1,529,414,132,32,66,781,43,6000,600,1370
Mount St. Mary's College,1,657,537,113,37,90,1039,466,5678,630,1278
Occidental College,1,2324,1319,370,52,81,1686,35,5140,558,1152
Pacific Christian College,1,167,142,89,9,41,414,165,3000,500,NA
Fresno Pacific College,1,346,274,146,51,87,704,63,3670,630,1818
Pacific Union College,1,940,668,385,20,48,1316,139,3825,630,1926
Point Loma Nazarene College,1,809,687,428,20,43,1889,217,4190,800,750
Pepperdine University,1,3821,2037,680,86,96,2488,625,6770,500,700
Southern California College,1,385,340,193,18,38,784,127,4124,630,1818
St. Mary's College of California,1,2643,1611,465,36,80,2615,248,6354,630,1584
Stanford University,1,13608,2926,1616,88,97,6573,NA,6795,840,1355
University of California at Berkeley,0,19873,8252,3215,95,100,19532,2061,6246,636,1933
University of California at Davis,0,16343,11399,3124,95,100,15429,1888,5285,841,2374
University of California at Irvine,0,15698,10775,2478,85,100,12677,864,5302,790,1818
University of California at Los Angeles,0,22165,10435,3591,93,100,21637,1255,5580,850,1255
University of California at Riverside,0,9798,7566,1470,80,100,6922,265,5430,780,1350
University of California at San Diego,0,19433,11469,2481,95,100,13738,711,6607,630,1935
University of California at Santa Barbara,0,16663,14141,3239,90,100,15638,693,5990,630,2045
University of California at Santa Cruz,0,10758,8559,1717,94,100,8713,607,6081,633,1191
University of Redlands,1,1498,1219,306,26,63,1369,1587,6205,600,NA
University of San Francisco,1,2306,1721,538,23,48,4309,549,6452,750,2450
Santa Clara University,1,4019,2779,888,40,73,3891,128,5928,630,1278
University of Southern California,1,12229,8498,2477,45,71,13259,1429,6482,600,2210
University of the Pacific,1,2459,1997,582,36,66,2664,299,5326,646,1171
Westmont College,0,950,713,351,42,72,1276,9,5304,490,1410
Whittier College,1,1681,1069,344,35,63,1235,30,5699,500,1998
Woodbury University,1,349,313,111,NA,NA,765,191,5490,900,2160
University of Judaism,1,52,36,18,NA,NA,88,12,6200,825,2325
San Francisco Art Institute,1,177,136,41,NA,NA,438,103,5600,1200,1620
California State Univ. at Bakersfield,0,941,643,415,NA,66,2571,1263,3475,300,NA
University of San Diego,1,3934,2735,886,40,70,3698,217,5940,630,1820
Thomas Aquinas College,1,125,87,67,22,59,208,NA,5200,300,1400
Loyola Marymount University,1,3768,2662,753,42,64,3558,436,5916,545,1328
Concordia University,1,688,497,144,30,75,641,101,4440,570,1515
Adams State College,0,1508,1259,569,16,44,1922,232,3730,520,2200
Colorado College,1,3207,1577,490,56,87,1892,7,4190,450,1200
University of Northern Colorado,0,5530,4007,1697,12,37,8463,1498,4128,540,2286
Colorado State University,0,9478,6312,2194,29,65,15646,1829,4180,470,1800
Fort Lewis College,0,3440,2823,1123,16,35,3793,486,3320,500,2500
Mesa State College,0,1584,1456,891,6,18,3471,911,3798,540,2256
Metropolitan State College,0,3512,2975,1662,6,23,9544,8177,NA,500,1205
Regis University,1,1107,904,308,NA,NA,1142,27,5480,520,1170
University of Southern Colorado,0,1401,1239,605,10,34,3716,675,4380,540,2948
United States Air Force Academy,0,9557,1605,1160,72,95,4236,NA,NA,NA,NA
University of Colorado at Boulder,0,14063,9320,3436,28,65,18465,1541,3811,540,2319
University of Denver,1,2974,2001,580,29,60,2666,554,4695,400,1350
Western State College of Colorado,0,2702,1623,604,7,24,2315,146,3755,500,2050
University of Colorado at Colorado Springs,0,826,620,318,12,39,2570,1569,5544,540,2888
University of Colorado at Denver,0,1199,562,261,30,74,3805,2728,NA,520,2138
Colorado Christian University,1,735,583,310,9,NA,1001,65,3480,400,3725
Albertus Magnus College,1,353,340,103,17,45,416,230,5720,500,1500
Central Connecticut State University,0,4158,2532,902,6,24,6394,3881,4444,500,985
Connecticut College,1,3035,1546,438,42,93,1630,232,6300,600,500
Western Connecticut State University,0,2486,1503,528,7,23,2818,1861,3936,NA,NA
Fairfield University,1,4784,3346,781,30,66,2984,1037,6200,700,1100
University of New Haven,1,1651,1412,336,NA,11,1411,1914,5020,500,NA
Teikyo Post University,1,345,297,92,13,26,570,1273,5400,400,1000
Quinnipiac College,1,3712,2153,806,17,45,2677,714,6140,1000,500
Sacred Heart University,1,2307,1896,509,19,51,1707,1889,5780,400,600
Southern Connecticut State University,0,3852,2652,1044,4,14,5892,2478,4796,700,NA
Saint Joseph College,1,292,241,96,20,52,543,712,4600,650,950
Trinity College,1,3058,1798,478,46,84,1737,244,5690,500,680
United States Coast Guard Academy,0,5099,466,277,72,97,930,NA,NA,NA,NA
University of Bridgeport,1,598,441,153,16,36,527,312,6810,500,500
University of Hartford,1,5081,4040,1194,11,26,3768,1415,6000,500,1440
Wesleyan University,1,4772,1973,712,60,86,2714,27,5600,1400,1400
Eastern Connecticut State University,0,2172,1493,564,14,50,2766,1531,4316,650,500
Yale University,1,10705,2453,1317,95,99,5217,83,6510,630,2115
University of Connecticut at Storrs,0,9735,7187,2064,23,63,12478,1660,5072,700,2300
American University,1,4613,3587,1048,35,77,4545,873,6400,450,800
Catholic University of America,1,1754,1465,505,24,49,2159,211,6408,526,1100
Gallaudet University,1,825,645,392,NA,NA,1541,221,5400,663,2343
George Washington University,1,7875,5062,1492,38,71,5471,1470,6328,700,950
Georgetown University,1,11115,2881,1390,71,93,5881,406,7131,670,1700
Howard University,1,9776,3164,1666,NA,NA,6705,874,3750,300,NA
Mount Vernon College,1,149,70,61,15,35,203,138,6915,500,500
Trinity College,1,247,189,100,19,49,309,639,6430,500,900
Univ. of the District of Columbia,0,3895,3866,1717,NA,NA,3658,6327,NA,1550,NA
Delaware State College,0,2611,1845,764,NA,NA,NA,NA,3810,NA,NA
Goldey Beacom College,1,633,468,284,10,27,823,963,2985,531,1830
University of Delaware,1,14446,10516,3252,22,57,14130,4522,4230,530,1300
Wesley College,1,980,807,350,10,25,872,448,4674,500,1350
Wilmington College,1,1275,1275,635,NA,NA,615,1047,NA,400,2000
Barry University,1,990,784,279,18,45,1811,3144,5360,600,1800
Bethune Cookman College,1,1646,1150,542,12,30,2128,82,3396,650,2500
St. Thomas University,1,492,370,236,10,30,1125,482,4600,600,1890
Florida Institute of Technology,1,1947,1580,523,39,74,1863,233,4140,750,1500
Clearwater Christian College,1,161,156,101,NA,NA,409,43,3400,500,400
Embry Riddle Aeronautical University,1,3151,2584,958,14,40,4772,856,3750,570,3020
Florida A&M University,0,4880,2899,1463,NA,40,7931,1357,2668,600,NA
Florida Atlantic University,0,3181,2089,826,NA,NA,6035,6414,4060,600,2270
Florida Memorial College,1,2400,1800,557,NA,NA,1312,176,3190,500,1000
Eckerd College,1,1422,1109,366,33,65,1363,23,4080,600,1000
Florida Southern College,1,1381,1040,374,20,44,1506,970,4865,400,650
Florida State University,0,11651,8683,3023,50,90,18906,3242,4060,600,1020
Jacksonville University,1,1344,1008,305,16,34,1556,517,4380,700,1400
Lynn University,1,1292,956,315,NA,NA,1250,200,5600,400,1100
Nova Southeastern University,1,1025,770,257,NA,NA,1893,1220,4740,720,4029
Rollins College,1,1777,1151,382,31,55,1668,1052,5220,955,750
St. Leo College,1,990,683,201,NA,NA,3400,3731,4650,525,800
Stetson University,1,1557,1227,489,37,69,1964,81,4565,600,1365
University of Florida,0,12445,8836,3623,54,85,24470,3286,4180,630,1530
University of Miami,1,7122,5386,1643,42,69,7760,876,6526,630,1985
University of South Florida,0,7589,4676,1876,29,63,14770,10962,3776,500,2180
University of Tampa,1,1675,1190,325,NA,NA,1812,374,4564,700,1000
Webber College,1,280,143,79,5,27,327,110,2900,650,1952
University of Central Florida,0,6986,2959,1918,25,60,12330,7152,4234,700,1600
University of West Florida,0,1558,1254,472,20,57,3754,2477,3994,541,1387
Flagler College,1,1415,714,338,18,52,1345,44,3200,500,2140
Warner Southern College,1,400,280,134,NA,NA,397,62,3270,320,NA
Palm Beach Atlantic College,1,729,625,349,NA,NA,1432,334,3400,500,500
Florida International University,0,3306,2079,1071,42,89,10208,9310,2494,800,3028
University of North Florida,0,1800,1253,560,44,85,3876,3588,4360,600,2604
Agnes Scott College,1,417,349,137,60,89,510,63,5450,450,875
Albany State College,0,1461,1097,580,10,22,2035,321,2754,675,763
Armstrong State College,0,2186,1835,1263,NA,NA,2796,2391,4192,450,950
Clark Atlanta University,1,4502,2497,790,NA,NA,2844,88,4238,600,1500
Augusta College,0,1452,1158,870,NA,NA,2902,1825,NA,495,1950
Berry College,1,1858,1221,480,37,68,1620,49,3940,350,2375
Brenau University,1,367,274,158,12,41,917,479,5879,500,700
Brewton-Parker College,1,1436,1228,1202,10,26,1320,822,2370,500,2000
Columbus College,0,1348,1050,774,NA,NA,2873,1736,3375,800,300
Emory University,1,8506,4168,1236,76,97,5544,192,6000,600,870
Fort Valley State College,0,2092,1474,649,NA,NA,1903,221,2370,NA,NA
Georgia Institute of Technology,0,7837,4527,2276,89,99,8528,654,4438,795,1164
Southern College of Technology,0,652,503,297,NA,NA,2229,1283,3219,465,1600
Georgia Southern University,0,8388,5423,3034,NA,NA,11404,1007,2987,450,NA
Georgia Southwestern College,0,860,716,330,NA,NA,1703,473,2415,NA,NA
Georgia State University,0,3793,2341,1238,9,24,7732,9054,2655,720,3450
Kennesaw State College,0,2402,1824,1161,NA,NA,5438,5556,NA,450,1835
LaGrange College,1,544,399,177,15,35,600,363,3585,750,1500
Mercer University,1,2286,1668,564,37,70,2943,1260,4081,400,1500
Morehouse College,1,3708,1678,722,41,66,2852,153,5490,250,600
Morris Brown College,1,6407,1500,595,NA,NA,1752,125,4438,600,650
North Georgia College,0,1612,1077,775,NA,45,2023,316,2445,180,NA
Oglethorpe University,1,792,649,186,56,87,769,377,4340,600,4110
Paine College,1,1322,636,225,NA,NA,589,97,2814,500,1505
Piedmont College,1,663,562,127,20,40,641,63,3620,600,750
Savannah State College,0,1702,1448,726,12,39,2726,472,2145,NA,NA
Shorter College,1,540,445,165,23,70,1115,111,3600,500,2000
Spelman College,1,3713,1237,443,47,83,1971,107,5565,660,2400
University of Georgia,0,11220,7871,3320,43,79,19553,2748,3600,525,1755
Valdosta State University,0,3674,3247,1586,NA,NA,5982,1418,2940,600,1200
Wesleyan College,1,305,287,109,38,NA,382,46,4500,515,1374
West Georgia College,0,3668,2604,1331,NA,NA,4538,1179,2973,490,1200
Georgia College,0,1868,1788,829,NA,NA,3467,1167,2739,450,500
Covenant College,1,407,317,181,21,48,468,31,3744,470,1120
Savannah Coll. of Art and Design,1,1109,688,386,20,65,1897,208,5000,1200,1600
Chaminade University of Honolulu,1,621,546,103,NA,NA,766,1154,5490,700,800
Brigham Young University - Hawaii,1,1038,533,428,21,42,2008,23,3360,NA,NA
University of Hawaii at Manoa,0,3580,2603,1627,36,69,11028,2411,3038,687,1281
Hawaii Pacific University,1,1827,1409,1169,NA,NA,4312,2302,6500,500,NA
University of Hawaii at Hilo,0,1499,779,500,20,54,2082,871,4270,714,1277
Briar Cliff College,1,392,351,155,16,44,738,430,3597,600,1500
Buena Vista College,1,860,688,285,32,70,1928,442,3797,450,950
Central College,1,1283,1113,401,31,65,1355,40,3660,650,600
Clarke College,1,460,340,167,14,45,604,350,3676,350,900
Coe College,1,1006,742,275,29,60,1127,205,4390,500,2200
Cornell College,1,1538,1329,383,33,68,1140,10,4323,550,800
Dordt College,1,604,562,328,25,50,1048,56,2650,450,2800
Drake University,1,2799,2573,839,34,65,3322,726,4770,560,1675
Graceland College,1,555,414,242,14,41,996,2281,3100,550,880
Grand View College,1,535,511,233,11,36,1098,380,3360,570,2800
Grinnell College,1,2039,1389,432,56,91,1333,30,4618,400,400
Iowa State University,0,8427,7424,3441,26,59,18676,1715,3224,640,2055
Iowa Wesleyan College,1,443,291,127,11,44,563,427,3400,500,NA
Loras College,1,1641,1283,527,20,39,1663,170,4000,500,1200
Luther College,1,1549,1392,587,38,72,2269,85,3560,600,400
Teikyo Marycrest University,1,328,243,93,NA,NA,663,340,3640,500,2980
Morningside College,1,586,533,239,16,36,950,228,3678,500,1000
Mount Mercy College,1,368,317,159,20,49,806,542,3555,500,2285
Mount Saint Clare College,1,325,284,95,16,33,364,88,3650,500,1200
Northwestern College,1,860,811,366,22,56,1040,52,3075,300,1800
Simpson College,1,1016,872,300,27,57,1116,602,4980,550,1400
Saint Ambrose University,1,897,718,276,12,48,1345,390,4020,500,1500
University of Northern Iowa,0,4144,3379,1853,18,52,10135,1448,2930,595,2380
University of Dubuque,1,576,558,137,11,39,662,131,3620,400,1500
University of Iowa,0,9224,8025,3262,23,52,15412,2878,3423,640,2426
Upper Iowa University,1,663,452,192,10,35,1481,1160,3060,500,1000
Wartburg College,1,1231,1074,345,34,66,1295,105,3610,400,850
Teikyo Westmar University,1,451,306,123,10,18,611,146,3640,600,2240
William Penn College,1,326,294,140,10,33,630,107,3110,495,800
Boise State University,0,3619,3080,1888,NA,NA,7948,5040,3069,600,2632
Albertson College,1,587,479,158,38,62,678,41,3335,500,675
Idaho State University,0,1989,1627,1137,NA,40,6547,2464,2980,500,1575
Lewis-Clark State College,0,1001,551,428,NA,NA,1970,1256,3190,908,1721
Northwest Nazarene College,1,616,514,385,29,52,1115,60,2820,450,822
University of Idaho,0,3133,2799,1337,24,49,7242,1431,3540,832,NA
Augustana College,1,1879,1658,497,36,69,1950,38,4173,540,821
Aurora University,1,532,481,127,NA,NA,815,801,3850,550,NA
Barat College,1,261,192,111,15,36,453,266,4300,500,500
Blackburn College,1,500,336,156,25,55,421,27,2700,500,1000
Bradley University,1,3767,3414,1061,30,58,4531,643,4440,2000,1522
College of Saint Francis,1,422,305,160,30,56,781,240,4160,400,NA
Columbia College,1,2419,2160,1117,NA,NA,4852,1991,4350,500,1612
Concordia University,1,528,403,186,22,56,1168,145,4191,400,1000
DePaul University,1,4815,3551,1227,30,58,6069,3719,4932,600,NA
Eastern Illinois University,0,5597,4253,1565,12,38,9161,845,3066,120,1730
Eureka College,1,560,454,113,36,56,484,16,3450,330,670
Greenville College,1,510,387,194,20,46,771,53,4530,400,800
Illinois College,1,894,787,262,28,63,909,28,3850,600,1000
Illinois Institute of Technology,1,1756,1360,478,42,77,1911,626,4620,500,700
Illinois State University,0,8681,6695,2408,10,35,15701,1823,3403,537,2605
Northeastern Illinois University,0,2086,1507,631,14,27,4056,3433,NA,552,2178
Chicago State University,0,3553,1719,777,12,37,4543,2694,NA,650,2400
Illinois Wesleyan University,1,3050,1342,471,55,86,1818,23,4090,400,650
Judson College,1,313,228,137,10,30,552,67,4554,500,1700
Kendall College,1,150,150,121,15,15,338,33,4851,800,1500
Knox College,1,1040,845,286,48,77,967,24,4062,400,800
Lake Forest College,1,979,638,271,31,70,968,20,3970,920,1320
Lewis University,1,1154,1050,395,12,31,2192,1423,4520,500,1200
Loyola University Chicago,1,3579,2959,868,25,55,5244,3417,5330,700,2000
MacMurray College,1,740,558,177,12,29,628,63,3750,550,950
McKendree College,1,1002,555,119,16,43,836,684,3740,500,800
Millikin University,1,1444,1261,456,29,62,1788,95,4378,450,965
Monmouth College,1,601,503,204,28,57,671,11,4100,400,460
National-Louis University,1,513,347,279,23,48,2508,505,4500,650,500
North Central College,1,1127,884,308,30,64,1310,766,7398,450,1800
North Park College,1,465,361,176,19,39,879,156,4345,400,970
Northern Illinois University,0,10706,7219,2397,12,37,14826,1979,3296,470,1750
Northwestern University,1,12289,5200,1902,85,98,7450,45,5520,759,1585
Olivet Nazarene University,1,678,640,388,NA,58,1503,293,4140,NA,NA
Principia College,1,205,179,129,13,45,570,22,5344,1125,2000
Quincy University,1,1025,707,297,22,66,1070,72,4140,450,1080
Rockford College,1,591,505,196,15,37,907,364,4066,800,1940
Roosevelt University,1,422,367,218,13,40,1700,2902,5100,600,NA
Rosary College,1,434,321,141,28,53,624,269,4600,550,950
Southern Illinois University at Edwardsville,0,2540,2195,994,13,40,6063,2550,3598,221,2216
Illinois Benedictine College,1,607,558,269,22,47,1222,519,4348,650,1500
Saint Xavier University,1,785,647,295,15,65,1670,726,4624,600,794
Trinity College,1,746,473,317,39,82,834,50,4110,600,1300
University of Chicago,1,6348,2999,922,68,94,3340,39,6380,500,1254
University of Illinois - Urbana,0,14939,11652,5705,52,88,25422,911,4574,500,1982
University of Illinois at Chicago,0,8384,5727,2710,22,50,13518,2916,5088,630,3228
Western Illinois University,0,6491,5027,1563,6,24,9015,1449,3193,600,1993
Wheaton College,1,1432,920,548,56,84,2200,56,4200,530,1400
Anderson University,1,1216,908,423,19,40,1819,281,3520,550,1100
Ball State University,0,9361,7910,3849,38,50,16148,2207,3608,500,1500
Bethel College,1,495,415,267,15,37,733,402,3000,500,NA
Butler University,1,2362,2037,700,40,68,2607,148,4650,500,1600
DePauw University,1,1994,1656,495,50,80,1983,36,5020,550,950
Earlham College,1,1358,1006,274,35,63,1028,13,4056,600,600
University of Evansville,1,2096,1626,694,35,67,2551,407,4340,700,960
Franklin College,1,804,632,281,29,72,840,68,4040,525,1345
Goshen College,1,440,396,221,26,51,910,166,3730,600,1230
Grace College and Seminary,1,548,428,167,18,46,618,113,3670,300,1000
Hanover College,1,1006,837,317,33,65,1024,15,3485,500,1200
Huntington College,1,450,430,125,20,46,488,43,3920,300,1300
University of Indianapolis,1,1487,1276,388,26,51,1417,1646,4080,525,1405
Indiana Institute of Technology,1,1052,810,167,7,47,477,602,3790,NA,NA
University of Southern Indiana,0,2379,2133,1292,8,25,4283,2973,3192,500,1425
Indiana University at Bloomington,0,16587,13243,5873,25,72,24763,2717,3990,600,2000
Indiana Univ. East,0,814,814,616,6,24,988,1356,NA,570,NA
Indiana Univ.-Purdue Univ. at Fort Wayne,0,2464,2306,1714,7,32,4981,5917,NA,500,2000
Indiana Univ.-Purdue Univ. at Indianapolis,0,4630,3655,2301,5,27,9216,11176,NA,600,2200
Indiana Univ. at Kokomo,0,1108,1086,723,4,26,1139,2070,NA,660,NA
Indiana Univ. Northwest,0,1572,1241,907,5,18,2699,2611,NA,500,NA
Indiana Univ. at South Bend,0,1500,1250,980,10,30,2761,3341,NA,600,NA
Indiana Univ. Southeast,0,1265,1256,911,NA,NA,2728,2660,NA,500,NA
Manchester College,1,1004,802,239,23,63,909,51,3850,525,1450
Marian College,1,770,542,238,15,42,923,427,3822,450,1540
Indiana Wesleyan University,1,735,423,366,20,48,2448,707,3782,700,1000
Oakland City College,1,495,465,275,18,35,695,193,2984,740,900
Purdue University at West Lafayette,0,21804,18744,5874,29,60,26213,4065,3990,570,1060
Rose-Hulman Institute of Technology,1,3320,1840,381,73,93,1320,NA,4206,600,600
Saint Francis College,1,213,166,85,13,36,513,247,3820,450,1000
Saint Joseph's College,1,920,684,225,24,42,815,222,4250,600,950
Calumet College of St. Joseph,1,225,203,176,13,24,470,627,NA,NA,NA
Saint Mary-of-the-Woods College,1,150,130,88,23,50,341,768,4130,500,1700
Saint Mary's College,1,888,734,393,26,60,1433,27,4514,500,1525
Saint Meinrad College,1,69,44,36,30,44,118,NA,4226,400,2100
Taylor University,1,1769,1092,437,41,80,1757,81,4000,450,1250
Tri-State University,1,1262,1102,276,14,40,978,98,4350,468,1323
University of Notre Dame,1,7700,3700,1906,79,96,7671,30,4400,600,1350
Valparaiso University,1,2075,1727,520,49,81,2501,198,3260,500,800
Wabash College,1,800,623,256,41,76,801,5,4195,500,635
Indiana State University,0,5659,4761,3147,10,31,8596,1949,3706,600,2500
Baker University,1,602,483,206,21,47,958,466,4100,400,2250
Bethany College,1,878,816,200,16,41,706,62,3363,550,1700
Bethel College,1,202,184,122,19,42,537,101,3580,500,1400
Fort Hays State University,0,1363,1363,806,NA,33,3640,706,2950,500,NA
Friends University,1,358,276,172,5,24,838,122,3130,650,NA
Pittsburg State University,0,1419,1313,813,11,30,4469,499,3000,300,2000
Emporia State University,0,1256,1256,853,43,79,3957,588,3144,450,1888
Kansas State University,0,5880,4075,2833,25,55,14914,2246,3120,600,2000
Kansas Wesleyan University,1,589,575,148,16,40,474,258,3250,500,1400
McPherson College,1,420,293,93,11,32,336,80,3750,600,2740
Ottawa University,1,607,388,236,8,19,538,36,3245,400,2730
Southwestern College,1,213,155,75,28,66,504,147,3532,550,1500
Saint Mary College,1,273,229,66,25,60,439,415,3880,800,NA
Sterling College,1,479,373,127,20,43,631,133,3260,500,NA
Tabor College,1,257,183,109,19,41,396,38,3410,400,1500
University of Kansas,0,8579,5561,3681,25,50,17880,1673,3384,700,2681
Washburn University,0,1100,1078,560,NA,36,3157,2705,3210,450,1000
Wichita State University,0,2901,2236,896,NA,39,6550,5083,3299,450,350
MidAmerica Nazarene College,1,331,331,225,15,36,1100,166,3720,1100,4913
Benedictine College,1,632,620,222,14,24,702,501,3850,350,250
Alice Lloyd College,1,1174,607,289,20,45,555,24,2480,500,800
Asbury College,1,643,509,280,26,56,1110,39,2764,500,1600
Bellarmine College,1,807,707,308,39,63,1198,605,2950,750,1290
Berea College,1,1836,599,455,35,60,1540,51,2835,450,1027
Brescia College,1,307,260,99,17,42,452,249,3200,650,NA
Campbellsville College,1,848,587,298,25,55,935,184,3070,600,1300
Spalding University,1,283,201,97,10,45,589,263,2800,600,900
Centre College,1,1013,888,288,55,82,943,7,4270,600,900
Cumberland College,1,995,789,398,26,47,1306,122,3526,400,600
Eastern Kentucky University,0,5443,5135,2445,NA,NA,11208,3350,3196,600,NA
Georgetown College,1,727,693,286,30,55,1063,48,3950,550,550
Kentucky State University,0,1636,952,424,6,22,1544,896,2682,510,NA
Kentucky Wesleyan College,1,584,497,175,20,49,662,121,4150,500,1300
Lindsey Wilson College,1,1089,865,382,NA,NA,1006,164,3550,400,500
Morehead State University,0,2825,2495,1300,NA,NA,6311,975,2950,500,1050
Murray State University,0,2225,1910,1190,29,55,5968,955,3110,700,940
Pikeville College,1,404,400,169,28,48,797,100,3000,500,500
Transylvania University,1,759,729,244,57,81,867,51,4450,500,1000
Union College,1,484,384,177,9,45,634,78,2950,500,600
University of Kentucky,0,7769,5689,2675,NA,NA,14931,2596,3226,450,1340
University of Louisville,0,4777,3057,1823,16,33,9844,6198,3600,530,2440
Thomas More College,1,808,594,218,NA,NA,756,502,3892,400,880
Western Kentucky University,0,4441,3260,2082,NA,NA,10264,2910,3149,500,1100
Northern Kentucky University,0,2920,2506,1682,NA,NA,7112,3832,2900,500,500
Centenary College of Louisiana,1,495,434,210,35,55,775,44,3490,600,1900
Dillard University,1,1998,1376,651,41,88,1539,45,3650,500,2307
Nicholls State University,0,2020,1898,1092,NA,NA,4921,1338,2550,600,2307
Grambling State University,0,4847,3518,1900,27,65,6567,261,1306,500,1200
Louisiana College,1,2013,1053,212,33,61,912,158,3036,500,1655
Louisiana Tech University,0,2397,2144,1525,22,45,6720,1822,2325,618,1656
Louisiana State University at Baton Rouge,0,5996,4993,3079,29,57,16269,3757,2980,600,2242
Louisiana State University at Shreveport,0,675,645,500,NA,NA,2413,1477,1680,617,2307
University of New Orleans,0,2406,2139,1501,NA,NA,8158,3643,3116,800,1790
Loyola University,1,1891,1698,719,24,80,2740,761,5870,600,750
McNeese State University,0,2066,2031,1525,NA,NA,6020,1317,2310,650,1608
Northeast Louisiana University,0,2963,2814,1840,NA,41,8718,1707,1980,617,1655
Northwestern State University of Louisiana,0,2671,2671,1330,NA,NA,5742,1969,2216,500,1600
Our Lady of Holy Cross College,1,246,217,171,NA,NA,674,472,NA,534,NA
Southeastern Louisiana University,0,3247,3247,2297,NA,NA,9724,2192,2230,250,NA
Southern University at New Orleans,0,900,900,490,10,30,2911,1089,NA,600,NA
Tulane University,1,7033,5125,1223,47,75,4941,1534,5950,350,800
University of Southwestern Louisiana,0,4299,4250,2664,NA,NA,11767,3219,2082,560,NA
Xavier University of Louisiana,1,2097,1915,695,34,61,2793,166,4200,617,781
Southern University and A & M College,0,2431,2416,1711,37,45,7534,775,2982,600,600
American International College,1,1420,1093,220,9,22,1018,287,4780,450,1400
Amherst College,1,4302,992,418,83,96,1593,5,5300,660,1598
Anna Maria College,1,350,283,82,9,34,367,406,4835,500,NA
Assumption College,1,2135,1700,491,23,59,1708,689,5920,500,500
Merrimack College,1,1981,1541,514,18,36,1927,1084,6200,375,1000
Babson College,1,2007,1139,407,30,68,1680,NA,6985,500,1045
Bentley College,1,3466,2330,640,20,60,3095,1533,5510,630,850
Berklee College of Music,1,1975,1516,712,NA,NA,2223,304,6990,400,1115
Boston College,1,13112,6179,2154,66,94,8807,NA,6960,500,1300
Boston University,1,20192,13007,3810,45,80,14971,3113,6810,475,1025
Bradford College,1,443,330,151,5,36,453,42,6270,500,900
Brandeis University,1,4186,2743,740,48,77,2819,62,6750,410,1000
Clark University,1,2887,2059,457,30,61,1928,296,4200,500,950
Elms College,1,245,208,125,23,46,544,436,4765,450,1700
College of the Holy Cross,1,2994,1691,659,70,95,2675,22,6300,400,900
Curry College,1,1224,936,283,5,25,891,332,5450,600,NA
Eastern Nazarene College,1,516,409,200,17,40,1238,30,3500,450,700
Emerson College,1,1849,1228,492,19,51,2025,169,7782,500,933
Endicott College,1,1000,858,319,10,29,665,298,6130,400,1000
Gordon College,1,674,565,282,25,54,1151,39,4070,400,1200
Harvard University,1,13865,2165,1606,90,100,6862,320,6410,500,1920
Lasell College,1,618,540,171,8,21,470,59,6200,600,2150
Lesley College,1,244,198,82,12,33,1134,336,5300,550,805
University of Massachusetts at Lowell,0,3986,3026,1093,8,29,5740,4182,4164,500,1160
Massachusetts Institute of Technology,1,6411,2140,1078,96,99,4481,28,5975,725,1600
Bridgewater State College,0,4915,3340,1064,4,21,5356,1502,3991,500,1750
Fitchburg State College,0,2857,2090,577,5,20,2879,1412,4030,450,1555
Framingham State College,0,4141,2316,586,7,28,3248,1969,3366,500,600
North Adams State College,0,1563,1005,240,1,19,1380,136,4330,500,1000
Salem State College,0,3973,3168,1334,NA,NA,5625,3416,3514,375,650
Westfield State College,0,3100,2150,825,3,20,3234,941,3788,500,1300
Worcester State College,0,2197,1515,543,4,26,3089,2029,3900,500,1200
Mount Holyoke College,1,1800,1314,526,47,79,1891,40,5700,750,750
Mount Ida College,1,4750,4041,795,NA,NA,1501,334,6890,300,NA
Nichols College,1,780,702,218,6,21,707,693,5624,400,1000
Northeastern University,1,11901,8492,2517,16,42,11160,10221,7425,600,1750
Pine Manor College,1,354,323,125,NA,10,372,28,6480,400,500
Regis College,1,427,385,143,18,38,581,533,5800,450,700
Simmons College,1,1003,782,295,23,53,1144,160,6950,500,1200
Smith College,1,2925,1598,632,51,88,2479,95,6390,500,1050
University of Massachusetts at Dartmouth,0,3347,2597,1006,10,37,4664,1630,4500,500,1250
Springfield College,1,1888,1347,519,NA,NA,2160,131,4300,NA,NA
Stonehill College,1,3646,2300,585,25,69,2022,926,6172,480,800
Suffolk University,1,1247,980,356,11,32,2207,814,NA,500,2400
Tufts University,1,7614,3605,1205,60,90,4598,NA,5968,600,928
University of Massachusetts at Amherst,0,14438,12414,3816,12,39,16282,1940,3897,500,1400
University of Massachusetts at Boston,0,2237,1495,800,10,29,6034,4954,NA,560,1221
Wellesley College,1,2895,1249,579,80,96,2195,156,5995,500,700
Western New England College,1,1650,1471,409,7,21,1803,1116,5500,498,2065
Wheaton College,1,1738,1373,417,21,55,1335,30,5970,700,850
Wheelock College,1,399,335,161,NA,25,736,29,5528,400,NA
Williams College,1,4186,1245,526,81,96,1988,29,5790,500,1200
Worcester Polytechnic Institute,1,2768,2314,682,49,86,2802,86,5370,530,730
Hampshire College,1,1342,998,309,26,56,1079,NA,5475,375,450
Simon's Rock College of Bard,1,300,171,132,NA,NA,303,3,5620,400,900
Wentworth Institute of Technology,1,1480,1257,452,6,25,2961,572,6050,850,920
Capitol College,1,100,90,35,10,52,282,331,2812,300,2134
Bowie State University,0,1643,882,407,NA,NA,2179,1089,4075,600,2200
College of Notre Dame of Maryland,1,457,356,177,35,61,667,1983,5620,600,700
Columbia Union College,1,1301,957,101,13,34,514,466,3450,700,NA
Coppin State College,0,1478,723,381,NA,NA,1863,775,4540,500,700
Frostburg State University,0,2916,2167,911,NA,NA,4147,449,4390,700,950
Goucher College,1,1151,813,248,40,64,850,80,6174,500,1200
Hood College,1,699,565,176,36,64,710,399,6040,450,690
Johns Hopkins University,1,8474,3446,911,75,94,3566,1569,6740,500,1040
Loyola College,1,4076,3137,738,25,54,3010,184,6300,600,900
Morgan State University,0,5892,3034,1358,20,80,4517,745,4640,550,NA
Mount Saint Mary's College,1,1321,1159,328,15,36,1243,79,6200,550,900
Salisbury State University,0,4216,2290,736,20,52,4296,1027,4690,600,1450
St. John's College,1,323,278,122,31,51,393,4,5450,275,800
St. Mary's College of Maryland,0,1340,695,285,42,73,1315,209,4730,675,1250
Towson State University,0,6151,3837,1215,NA,NA,9247,3584,4480,660,1053
United States Naval Academy,0,11522,1463,1181,50,85,4125,NA,NA,NA,NA
University of Maryland at College Park,0,14292,10315,3409,22,53,19340,3991,5146,550,1550
University of Maryland at Baltimore County,0,4269,2594,985,27,57,6476,2592,4408,494,2768
University of Maryland Eastern Shore,0,1600,1016,508,NA,NA,2067,199,3580,500,NA
Villa Julie College,1,823,347,237,NA,52,1055,803,NA,600,2910
Washington College,1,1209,942,214,31,60,822,46,5318,500,300
Western Maryland College,1,1205,984,278,31,50,1071,98,5340,500,1400
University of Maine at Presque Isle,0,461,381,235,10,40,974,503,3630,400,1675
Bates College,1,3461,1541,577,53,90,1599,NA,NA,650,1120
Bowdoin College,1,3356,1019,418,76,100,1490,8,5885,1495,875
Colby College,1,2848,1319,456,58,84,1720,35,5590,500,1000
University of Maine at Farmington,0,1208,803,438,20,48,1906,344,3970,450,1647
University of Maine at Fort Kent,0,225,168,104,5,28,467,174,3395,500,NA
Husson College,1,723,652,361,10,30,951,706,4000,350,1500
University of New England,1,1209,750,265,19,54,820,159,5045,900,2500
Saint Joseph's College,1,833,682,217,12,33,716,2196,5180,500,800
Thomas College,1,356,312,139,18,65,388,412,4450,600,1000
University of Maine at Orono,0,5260,4589,1741,23,52,7366,1795,4385,500,NA
University of Maine at Machias,0,441,369,172,17,45,633,317,3680,600,400
Unity College,1,456,409,185,NA,NA,458,25,4750,400,700
University of Southern Maine,0,2335,1933,905,10,39,3556,2917,4219,500,1530
Adrian College,1,1428,1097,336,22,50,1036,99,3750,400,1165
Albion College,1,1899,1720,489,37,68,1594,32,4826,450,850
Alma College,1,1267,1080,385,44,73,1306,28,4552,400,400
Andrews University,1,1130,704,322,14,23,1586,326,3090,900,1320
Aquinas College,1,619,516,219,20,51,1251,767,4124,350,1615
Calvin College,1,1784,1512,913,29,56,3401,136,3710,400,1210
Central Michigan University,0,7304,6263,2539,NA,NA,13244,1396,3836,600,1000
Concordia College,1,180,171,74,19,39,562,18,2960,400,500
William Tyndale College,1,260,195,139,NA,NA,235,307,2400,500,500
Eastern Michigan University,0,6693,5423,2242,NA,NA,13142,6421,4031,600,1200
Ferris State University,0,8671,5855,3395,NA,NA,8996,1901,4171,590,1082
Grand Valley State University,0,5165,3887,1561,20,60,8234,2619,3800,500,1000
Hillsdale College,1,920,745,347,35,66,1133,42,4700,400,750
Hope College,1,1712,1483,624,37,69,2505,208,4341,465,1100
Kalamazoo College,1,1224,1101,338,55,84,1218,NA,5094,510,780
Lawrence Technological University,1,867,695,312,28,67,2176,2063,2250,700,NA
Madonna University,1,440,391,231,13,27,1367,2662,4152,395,1155
Michigan State University,0,18114,15096,6180,23,57,26640,4120,3734,504,600
Michigan Technological University,0,2618,2288,1032,42,77,5524,414,3978,900,1200
Lake Superior State University,0,1406,1169,522,10,28,2432,592,4186,500,600
Northern Michigan University,0,4519,3844,1432,NA,25,6261,1634,3908,400,1165
Oakland University,0,3041,2581,1173,16,56,6441,3982,4030,400,650
Olivet College,1,620,565,296,NA,NA,766,58,3500,550,500
Saginaw Valley State University,0,1549,1349,687,NA,NA,3598,2147,3650,550,900
Siena Heights College,1,464,419,183,10,31,686,287,3880,475,1090
Spring Arbor College,1,372,362,181,15,32,1501,353,3550,385,665
University of Detroit Mercy,1,927,731,415,24,50,2149,2217,3996,600,2166
University of Michigan at Dearborn,0,1796,1303,882,37,72,3493,3116,NA,466,1862
University of Michigan at Flint,0,970,877,551,23,55,3105,2944,NA,500,1000
Wayne State University,0,4219,3098,1543,NA,44,9778,10455,3271,468,NA
Western Michigan University,0,9167,7191,2738,24,53,15739,4278,4100,500,1700
Baker College of Flint,1,1754,1754,1171,NA,NA,2805,1342,NA,600,NA
Center for Creative Studies,1,601,396,203,1,20,525,323,6643,2340,620
Northwood University,1,1093,998,285,5,25,1650,5180,4385,600,NA
University of Michigan at Ann Arbor,0,19152,12940,4893,66,92,22045,1339,4659,476,1600
Augsburg College,1,662,513,257,12,30,2074,726,4372,540,950
Bemidji State University,0,1208,877,546,12,36,3796,824,2700,660,1800
Carleton College,1,2694,1579,489,75,93,1870,12,3957,550,550
College of Saint Benedict,1,938,864,511,29,62,1715,103,4221,500,600
College of Saint Catherine,1,511,411,186,23,51,1692,562,4440,450,1000
College of St. Scholastica,1,672,596,278,29,60,1350,275,3696,450,1146
University of St. Thomas,1,2057,1807,828,26,53,4106,982,4037,500,800
Concordia College-Moorhead,1,2007,1808,829,30,61,2917,82,3165,450,800
Concordia College at St. Paul,1,281,266,139,13,29,1049,181,3750,450,950
Gustavus Adolphus College,1,1709,1385,634,36,72,2281,50,3600,400,700
Hamline University,1,1006,825,328,34,73,1362,102,4194,450,550
Macalester College,1,2939,1496,452,56,86,1723,113,4772,500,700
Mankato State University,0,3073,2672,1547,9,29,9649,1792,2643,450,1660
Moorhead State University,0,2442,2164,1189,12,37,5983,1075,2664,600,1000
Northwestern College,1,699,601,352,17,43,1209,33,3003,400,1885
Southwest State University,0,1047,938,511,13,33,2091,546,2750,600,1800
Saint Cloud State University,0,3971,3306,1921,10,34,11493,2206,2625,350,1884
Saint John's University,1,933,800,444,18,45,1691,72,4081,500,600
Saint Mary's College of Minnesota,1,876,802,367,14,35,1263,118,3600,400,820
Saint Olaf College,1,2248,1673,745,38,73,2888,105,3750,550,550
University of Minnesota at Duluth,0,4192,3126,1656,15,45,5887,1254,3474,753,2610
University of Minnesota at Morris,0,1458,874,588,56,86,1846,154,3180,600,1500
Winona State University,0,3325,2047,1301,20,45,5800,872,2700,300,1200
University of Minnesota Twin Cities,0,11054,6397,3524,26,55,16502,21836,3744,714,2910
Bethel College,1,856,698,310,NA,NA,1617,102,4000,NA,NA
Avila College,1,373,298,86,14,43,651,490,3800,500,NA
Central Methodist College,1,633,504,210,11,32,920,148,3370,600,1300
Central Missouri State University,0,4681,4101,1436,10,35,8094,1596,3288,300,2250
Columbia College,1,314,158,132,10,28,690,5346,3700,400,900
Culver-Stockton College,1,1576,1110,274,24,55,992,112,3700,400,500
Drury College,1,700,650,314,33,66,1065,48,3523,500,750
Fontbonne College,1,291,245,126,16,49,981,337,4100,350,1500
Kansas City Art Institute,1,639,427,182,NA,NA,527,32,NA,1510,1695
Lincoln University,0,1400,1396,688,5,19,2019,1287,2728,NA,NA
Lindenwood College,1,810,484,356,6,33,2155,191,4800,1000,4200
Maryville University,1,549,397,169,26,51,1343,1751,4550,425,1350
Missouri Southern State College,0,1576,1326,913,13,50,3689,2200,2852,200,400
Missouri Valley College,1,1310,983,316,5,35,1057,175,5050,400,900
Missouri Western State College,0,1887,1870,848,8,30,3615,1446,2611,500,2000
Northeast Missouri State University,0,6040,4577,1620,36,72,5640,266,3416,400,1100
Northwest Missouri State University,0,2729,2535,1257,8,29,4787,472,3136,250,1630
Park College,1,270,225,65,15,35,3440,4103,3900,700,800
Rockhurst College,1,935,858,345,22,50,1127,754,4100,500,1500
College of the Ozarks,1,3258,338,326,9,40,1277,195,1900,600,500
Southeast Missouri State University,0,2281,1870,1408,18,43,6553,1246,3540,200,2150
Southwest Baptist University,1,1093,1093,642,12,32,1770,967,2500,400,1000
Southwest Missouri State University,0,6118,5254,3204,15,37,13131,3374,2590,500,1360
Saint Louis University,1,3294,2855,956,44,67,4576,1140,4730,800,6800
Stephens College,1,450,405,194,17,34,614,388,5200,450,2150
University of Missouri at Columbia,0,6574,4637,2940,32,62,14782,1583,3485,600,1983
University of Missouri at Rolla,0,1877,1826,823,49,77,3926,561,3600,700,1435
University of Missouri at Kansas City,0,1901,1340,655,33,64,3416,1984,3685,NA,NA
University of Missouri at Saint Louis,0,1618,1141,479,18,54,4793,4552,3964,500,4288
Washington University,1,7654,5259,1254,62,93,4879,1274,5775,768,1512
Webster University,1,665,462,226,17,44,1739,1550,4340,500,500
Westminster College,1,662,553,184,20,43,665,37,4050,600,1650
William Jewell College,1,663,547,315,32,67,1279,75,2970,500,2600
William Woods University,1,469,435,227,17,39,851,120,4365,550,3700
Hannibal-LaGrange College,1,233,201,169,10,37,493,382,2510,500,4680
Alcorn State University,0,2928,1853,481,NA,NA,2326,235,NA,600,1035
Belhaven College,1,248,197,121,24,51,736,347,2805,600,725
Blue Mountain College,1,75,75,47,NA,NA,263,127,2090,500,2310
Delta State University,0,967,945,459,15,48,2806,538,1880,500,1200
Jackson State University,0,4799,3278,1561,NA,NA,4786,669,2446,300,NA
Millsaps College,1,905,834,319,32,61,1073,179,4402,550,1350
Mississippi College,1,594,385,307,36,57,1695,721,2830,600,700
Mississippi University for Women,0,480,405,380,19,46,1673,1014,2217,600,1500
Mississippi State University,0,4255,3277,1609,18,57,10094,1621,3084,480,1479
Mississippi Valley State University,0,2800,1090,580,10,40,2124,199,2100,275,1200
Rust College,1,1328,673,282,25,75,1006,174,2048,225,NA
Tougaloo College,1,3280,578,311,18,49,1120,33,2570,500,800
University of Mississippi,0,3844,3383,1669,26,47,7524,804,3810,600,550
University of Southern Mississippi,0,2850,2044,1046,20,50,9260,1387,2470,500,500
William Carey College,1,200,165,121,NA,NA,1538,419,2520,300,700
Carroll College,1,529,492,261,29,55,1093,322,3815,390,1050
College of Great Falls,1,394,394,268,NA,NA,700,537,1880,400,NA
Montana State University-Billings,0,931,912,596,7,23,2482,868,3300,600,2000
Montana College of Mineral Sci. & Tech.,0,572,544,320,45,72,1470,416,3400,550,1400
Montana State University,0,3500,2836,1779,15,42,8730,993,3710,550,2300
Montana State University - Northern,0,840,840,611,8,12,1169,403,3570,550,1200
Rocky Mountain College,1,560,392,270,11,31,743,118,3362,600,625
University of Montana,0,3314,2809,1563,NA,NA,7754,1388,3957,550,NA
Western Montana College,0,376,256,256,NA,NA,816,1070,3000,475,NA
North Carolina A. & T. State University,0,4809,3089,1429,12,33,6162,871,1780,600,1651
Appalachian State University,0,7313,4664,1910,20,63,9940,1035,2540,96,2000
University of North Carolina at Asheville,0,1757,979,394,32,74,2033,1078,3420,600,750
Barton College,1,771,643,229,14,37,1135,505,3440,500,NA
Barber Scotia College,1,933,933,480,6,16,704,NA,2795,736,2100
Belmont Abbey College,1,632,494,129,17,36,709,131,4850,300,2480
Bennett College,1,774,542,193,17,38,650,14,3095,750,2000
Campbell University,1,2087,1339,657,20,54,3191,1204,2790,600,500
Catawba College,1,1083,880,291,13,34,915,80,4100,600,1860
Davidson College,1,2373,956,452,77,96,1601,6,5070,600,1011
Duke University,1,13789,3893,1583,90,98,6188,53,5950,625,1162
East Carolina University,0,9274,6362,2435,14,44,13171,1687,3240,500,1700
Elizabeth City State University,0,1531,827,405,12,46,1630,143,2648,170,NA
Elon College,1,3624,2786,858,11,39,2933,334,3883,490,1777
Fayetteville State University,0,1455,1064,452,1,16,2632,617,2550,350,766
Gardner Webb University,1,1110,930,332,18,36,1603,374,4270,500,500
Greensboro College,1,608,494,176,10,31,649,314,3770,550,1300
Guilford College,1,1202,1054,326,18,44,1410,299,5160,450,1050
High Point University,1,1412,1149,347,11,25,2045,359,4050,600,NA
Johnson C. Smith University,1,1349,932,407,6,14,1236,47,2191,500,NA
Lees-McRae College,1,545,529,216,4,20,620,37,1560,200,625
Lenoir-Rhyne College,1,979,743,259,25,46,1188,166,4000,400,1000
Livingstone College,1,900,473,217,22,47,621,11,3400,800,900
Mars Hill College,1,1056,873,385,15,38,1111,244,3550,600,NA
Meredith College,1,857,772,376,25,58,1721,470,3250,450,1520
Methodist College,1,750,633,296,27,51,926,367,3550,500,2600
Montreat-Anderson College,1,263,223,103,10,24,316,20,3372,500,2958
North Carolina Central University,0,1773,1320,559,8,26,3531,808,3136,NA,NA
North Carolina Wesleyan College,1,812,689,195,7,24,646,84,4230,600,1295
Pembroke State University,0,944,774,440,14,34,2174,529,2760,550,1498
Pfeiffer College,1,838,651,159,11,25,654,162,3700,400,1915
Queens College,1,516,392,154,32,62,630,549,4970,610,1900
Salem College,1,335,284,132,28,69,534,216,6300,500,2000
Shaw University,1,2533,937,620,NA,NA,2360,144,1738,250,500
St. Andrews Presbyterian College,1,624,599,170,NA,NA,612,150,4575,500,1050
St. Augustine's College,1,3113,1786,457,24,49,1614,131,3200,NA,NA
North Carolina State University at Raleigh,0,10634,7064,3176,39,78,16505,5481,6540,600,1300
University of North Carolina at Chapel Hill,0,14596,5985,3331,75,92,14609,1100,4200,550,1200
University of North Carolina at Charlotte,0,5803,4441,1730,19,62,10099,3255,3109,600,1900
University of North Carolina at Greensboro,0,5191,4134,1500,15,44,7532,1847,3505,600,1300
Wake Forest University,1,5661,2392,903,75,88,3499,172,4360,500,1250
Warren Wilson College,1,440,311,112,25,49,466,7,3052,400,1100
Western Carolina University,0,3224,2519,1057,11,31,5000,706,2380,110,1622
University of North Carolina at Wilmington,0,6071,3856,1449,15,67,6635,1145,3680,500,1500
Wingate College,1,1239,1017,383,10,34,1207,157,3400,550,1550
Winston-Salem State University,1,1065,801,385,NA,NA,2069,748,2762,300,NA
Dickinson State University,0,434,412,319,10,30,1376,237,2146,600,2000
Jamestown College,1,472,410,262,14,41,9950,71,3050,400,400
University of Mary,1,659,601,342,12,34,1476,282,2660,500,1800
Mayville State University,0,233,233,153,5,12,658,58,2516,600,1900
Minot State University,0,681,681,681,NA,NA,3299,602,1912,600,1893
University of North Dakota,0,2777,2249,1652,20,54,8334,1435,2703,450,1200
Valley City State University,0,368,344,212,5,27,863,189,2570,600,2000
North Dakota State University,0,2968,2297,1610,13,47,7368,1128,2744,600,2000
Chadron State College,0,1024,1024,547,5,17,1830,490,2668,500,NA
College of Saint Mary,1,305,230,107,16,40,503,801,3500,400,NA
Concordia College,1,440,434,252,22,50,764,38,3270,450,1200
Creighton University,1,2967,2836,876,30,60,3450,644,4372,650,2055
Dana College,1,504,482,185,10,36,550,84,3322,450,1450
Doane College,1,793,709,244,20,47,1022,411,3000,400,1000
Hastings College,1,817,708,262,22,52,935,37,3272,500,1902
University of Nebraska at Kearney,0,2837,2697,1417,NA,NA,5764,1176,2630,450,1970
Midland Lutheran College,1,627,585,260,20,46,908,109,2970,NA,NA
University of Nebraska at Omaha,0,2704,2537,1766,NA,NA,6518,5560,NA,600,NA
Nebraska Wesleyan University,1,969,762,382,23,64,1442,263,3320,500,1800
Peru State College,0,701,501,458,10,40,959,457,2624,500,900
Union College,1,355,304,168,NA,NA,447,111,2690,550,1800
University of Nebraska at Lincoln,0,6277,6003,3526,33,63,16454,3171,3145,500,2070
Wayne State College,0,1373,1373,724,6,21,2754,474,2660,540,1660
Bellevue University,1,132,132,112,NA,50,1032,943,NA,500,2700
Colby-Sawyer College,1,910,776,208,NA,NA,618,40,5395,400,1000
Dartmouth College,1,8587,2273,1087,87,99,3918,32,6070,550,1100
Franklin Pierce College,1,5187,4471,446,3,14,1818,1197,4630,500,800
New England College,1,951,879,199,5,15,744,196,5335,NA,NA
New Hampshire College,1,1498,1275,292,NA,17,1557,2973,4740,400,900
Notre Dame College,1,379,324,107,15,37,500,311,4900,400,600
Rivier College,1,484,386,141,6,28,590,1196,4860,600,1100
Saint Anselm College,1,2095,1553,514,15,40,1873,94,5400,450,1120
University of New Hampshire,0,9750,7640,2529,24,62,10358,1338,3862,650,2450
Keene State College,0,3121,2446,822,5,19,3480,776,4157,500,1150
Plymouth State College,0,3321,2375,748,10,25,3483,374,4024,550,1100
Daniel Webster College,1,585,508,153,12,30,460,536,4934,500,500
Thomas More Coll. of Liberal Arts,1,35,35,22,NA,NA,59,NA,5200,600,1300
Bloomfield College,1,1694,1408,268,NA,NA,1312,685,4350,500,2370
Caldwell College,1,1011,604,213,17,42,693,868,4600,425,1000
Centenary College,1,369,312,90,12,46,396,526,5400,500,760
College of Saint Elizabeth,1,444,359,122,34,53,493,968,5250,380,1000
Drew University,1,2153,1580,321,56,84,1192,87,5616,520,660
Georgian Court College,1,348,281,127,12,52,1095,785,3950,500,800
Rowan College of New Jersey,0,3820,1431,695,21,70,5303,3942,4830,800,800
Felician College,1,420,280,155,6,33,505,640,NA,500,NA
Jersey City State College,0,2957,1423,691,10,30,3817,1394,4800,400,1500
Monmouth College,1,2707,1881,478,14,34,1893,847,5290,530,1740
Montclair State University,0,5220,2128,865,19,53,6411,3186,4834,700,950
New Jersey Institute of Technology,0,1879,1216,483,27,62,3311,1646,5376,700,1850
Kean College of New Jersey,0,3344,2322,1105,6,43,6804,3933,3840,600,NA
William Paterson College of New Jersey,0,5485,2662,1108,9,38,5938,2298,4170,300,NA
Princeton University,1,13218,2042,1153,90,98,4540,146,5910,675,1575
Rider University,1,3586,2424,730,16,31,2748,1309,5420,700,3100
Rutgers State University at Newark,0,5785,2690,499,26,62,4005,1886,4748,690,2009
Seton Hall University,1,4576,3565,1000,16,36,4384,1530,6484,650,1000
Saint Peter's College,1,1606,1413,530,23,38,1921,1154,5520,500,450
Stevens Institute of Technology,1,1768,1249,380,51,93,1263,11,5680,450,750
Trenton State College,0,5042,2312,944,55,94,5167,902,5411,700,1000
Upsala College,1,1540,1363,446,NA,NA,950,214,5260,700,500
Rutgers State University at Camden,0,3366,1752,232,27,79,2585,1300,4748,690,2009
Rutgers at New Brunswick,0,48094,26330,4520,36,79,21401,3712,4748,690,2009
Fairleigh Dickinson University,1,3148,1616,504,9,24,3553,3152,5400,623,NA
Ramapo College of New Jersey,0,2088,957,362,6,29,2745,1938,4860,600,1655
Stockton College of New Jersey,0,4019,1579,710,23,65,4365,765,4351,711,1125
Saint John's College,1,285,246,126,20,45,411,NA,5720,275,950
College of Santa Fe,1,546,447,189,16,42,873,683,4138,600,1200
College of the Southwest,1,77,61,27,7,38,352,147,3382,400,500
Eastern New Mexico University,0,1256,1220,590,NA,NA,2762,587,2600,500,1200
New Mexico Highlands University,0,777,649,406,5,20,1630,384,2380,400,NA
New Mexico Institute of Mining and Tech.,0,787,601,233,40,73,1017,411,3214,600,1100
New Mexico State University,0,4119,3200,1663,NA,NA,9673,3481,3148,550,1066
Western New Mexico University,0,1054,1054,470,5,25,1495,521,2260,500,NA
Univ. of New Mexico-Main Campus,0,3871,3349,1891,27,53,12257,5264,3516,584,500
University of Nevada at Reno,0,2868,2409,1524,NA,NA,5916,2939,4560,600,2900
Sierra Nevada College,1,200,160,100,5,25,300,50,4500,500,NA
Adelphi University,1,2186,1924,512,16,29,2683,1227,6450,750,1500
Dowling College,1,1011,829,410,9,33,1059,2458,3100,450,1413
Alfred University,1,1732,1425,472,37,75,1830,110,5406,500,600
Bard College,1,1910,838,285,50,85,1004,15,6206,750,750
Canisius College,1,2853,2193,753,16,34,2978,434,5340,400,1130
Cazenovia College,1,3847,3433,527,9,35,1010,12,4840,600,500
CUNY-Brooklyn College,0,3589,2992,1367,15,40,7767,3827,NA,500,700
CUNY - City College,0,3788,2747,1269,20,45,8071,3629,NA,500,NA
CUNY-Hunter College,0,6189,3212,1418,14,43,8140,5947,NA,500,500
CUNY - Queens College,0,4681,3627,1749,12,37,8837,5624,NA,500,2100
Clarkson University,1,2174,1953,557,35,68,2332,53,5580,700,1300
Colgate University,1,4856,2492,727,46,75,2649,25,5565,500,750
College of Mount St. Vincent,1,946,648,177,23,46,707,432,5770,500,1000
College of New Rochelle,1,551,437,143,NA,NA,2515,639,4628,NA,NA
College of Saint Rose,1,983,664,249,23,57,1698,894,5666,800,1500
Columbia University,1,6756,1930,871,78,96,3376,55,6664,550,300
Barnard College,1,2496,1402,531,53,95,2121,69,8124,600,850
Concordia College,1,303,198,101,10,40,443,153,4330,NA,NA
Cooper Union,1,2339,307,197,NA,100,959,26,8700,860,1450
Cornell University,1,19227,7171,3286,81,95,13072,NA,6238,510,1060
D'Youville College,1,866,619,157,18,47,1074,336,4310,680,1320
Dominican College of Blauvelt,1,360,329,108,4,19,756,863,5500,600,1800
Elmira College,1,1457,1045,345,27,50,1109,502,4980,450,550
Fordham University,1,4200,2874,942,30,55,4740,1646,6965,600,1735
Hamilton College,1,3140,1783,454,40,82,1646,24,5050,300,800
Hartwick College,1,2083,1725,430,22,49,1464,67,4780,500,700
Hobart and William Smith Colleges,1,2688,2081,500,25,53,1792,5,5841,600,600
Hofstra University,1,7428,5860,1349,25,63,6534,1350,5920,1000,1000
Houghton College,1,949,786,302,30,70,1210,26,3550,500,1500
Hilbert College,1,238,235,108,2,13,888,390,NA,600,1160
Iona College,1,4892,3530,913,13,33,3906,1446,6790,570,1150
Ithaca College,1,7259,5526,1368,23,52,5612,166,6192,634,1000
Keuka College,1,461,381,174,10,43,738,55,4550,600,750
King's College,1,356,233,53,16,24,246,18,3920,500,1000
Le Moyne College,1,1470,1199,425,21,76,1820,558,4840,400,900
Manhattan College,1,2432,1730,563,20,63,2578,254,6800,500,1800
Manhattanville College,1,962,750,212,21,54,830,150,6550,450,400
Marist College,1,4731,3171,830,12,31,3557,658,5925,550,1200
Marymount College Tarrytown,1,478,327,117,9,34,731,370,6450,575,1075
Marymount Manhattan College,1,695,535,239,21,30,988,785,7000,350,1100
Mercy College,1,1518,1378,788,6,24,4266,1811,NA,500,800
Molloy College,1,481,401,185,16,40,1402,579,NA,800,6900
Medaille College,1,384,223,143,6,41,1146,236,4400,800,2050
Mount Saint Mary College,1,1170,695,238,14,48,1170,429,4600,250,1400
Nazareth College of Rochester,1,947,798,266,36,68,1274,471,5150,550,800
New York University,1,13594,7244,2505,70,86,12408,2814,7262,450,1000
Niagara University,1,2220,1796,467,65,99,1919,334,4762,450,650
Nyack College,1,460,283,160,15,34,508,34,3810,600,1200
Pace University,1,8256,3750,1522,37,70,5809,4379,5160,660,1115
Polytechnic University,1,1132,847,302,58,89,1379,214,4200,436,2486
Pratt Institute,1,1181,903,292,NA,NA,1622,166,6740,1500,630
Rensselaer Polytechnic Institute,1,4996,4165,936,53,82,4291,16,5976,1230,1100
Roberts Wesleyan College,1,459,422,212,NA,NA,932,107,3546,520,1400
Rochester Institute of Technology,1,4704,3798,1381,30,59,7176,2578,5670,500,875
Daemen College,1,939,894,269,NA,NA,1378,522,4150,600,NA
Sage Colleges,1,419,170,373,NA,NA,1022,169,NA,NA,NA
Sarah Lawrence College,1,1380,768,263,57,82,1000,105,6694,600,700
Skidmore College,1,4293,2728,591,25,62,2322,263,5970,500,700
Siena College,1,2961,1932,628,24,68,2669,616,5100,575,1090
St. Bonaventure University,1,1489,1313,375,13,45,1688,131,4927,500,1050
St. Francis College,1,1013,916,401,NA,NA,1562,695,NA,450,NA
St. John Fisher College,1,1368,1064,354,19,51,1687,677,5600,400,800
St. John's University,1,7775,2836,2412,NA,NA,11785,1752,NA,500,1350
St. Joseph's College,1,707,512,222,17,44,1671,1512,NA,600,1500
St. Lawrence University,1,2753,1820,505,31,56,1801,45,5730,650,825
St. Thomas Aquinas College,1,861,609,215,10,27,1117,815,5700,500,1750
SUNY at Albany,0,13528,9198,1843,16,61,10168,1231,4355,700,1560
SUNY at Binghamton,0,14463,6166,1757,60,94,8544,671,4598,700,1000
SUNY at Stony Brook,0,12512,6969,1724,27,66,9744,1351,4712,600,1200
SUNY College  at Brockport,0,7294,3564,904,7,34,5758,1363,4460,500,705
SUNY College at Buffalo,0,5318,3515,1025,8,29,7626,2091,4040,550,1230
SUNY College at Cortland,0,7888,3519,1036,6,40,5011,346,4680,630,1274
SUNY College at Fredonia,0,4877,2798,814,13,48,4123,298,4420,620,1481
SUNY College at Geneseo,0,8598,4562,1143,56,93,5060,146,4170,600,650
SUNY College at New Paltz,0,8399,3609,656,19,53,4658,1478,4240,550,1500
SUNY College at Oneonta,0,7500,4350,872,NA,NA,4627,483,4952,500,1350
SUNY College  at Oswego,0,8000,4556,1464,17,70,6943,869,4810,500,1500
SUNY College at Plattsburgh,0,5549,3583,853,9,40,5004,475,4176,600,1380
SUNY College at Potsdam,0,3150,2289,650,16,51,3598,234,4660,500,1000
Syracuse University,1,10477,7260,2442,28,67,10142,117,6870,635,960
Utica College of Syracuse University,1,1278,978,256,NA,NA,1525,798,4924,525,1175
Union College,1,3495,1712,528,49,84,1915,123,6204,450,1024
United States Merchant Marine Academy,0,942,356,283,44,96,987,NA,NA,NA,75
United States Military Academy,0,13703,1610,1212,59,92,4229,NA,NA,1100,NA
University of Rochester,1,8766,5498,1243,56,75,5071,438,6582,500,882
Vassar College,1,3550,1877,653,53,87,2164,77,5950,600,800
Wagner College,1,1416,1015,417,10,44,1324,117,5800,585,1700
Wells College,1,318,240,130,40,85,416,19,5550,600,500
Yeshiva University,1,1002,857,606,NA,NA,1948,42,4192,520,1390
CUNY-York College,0,1432,1432,706,5,20,3932,2937,NA,600,3364
CUNY- Baruch College,0,5377,2872,1300,18,54,8247,4328,NA,500,500
Long Island University at Brooklyn,1,3292,1317,707,NA,NA,3520,673,5570,700,1250
New York Institute of Technology,1,2531,1978,778,NA,NA,4730,2007,5500,500,1250
SUNY College at Purchase,0,2119,1264,390,5,33,2478,1441,4760,1125,1362
CUNY-Lehman College,0,1897,1384,768,9,32,4890,3777,NA,500,1200
SUNY College at Old Westbury,0,1358,1328,370,NA,18,2992,1202,4420,660,NA
SUNY at Buffalo,0,15039,9649,3087,36,100,13963,3124,4731,708,957
CUNY- Medgar Evers College,0,1289,1289,644,1,6,2343,2640,NA,500,2700
New School for Social Research,1,1914,1190,634,NA,NA,2609,1482,8020,1300,1080
CUNY-College of Staten Island,0,2170,2170,1433,9,40,5949,4887,NA,NA,NA
Art Academy of Cincinnati,1,130,82,33,NA,NA,199,31,NA,1200,NA
Ashland University,1,1454,1267,424,20,41,1874,757,4684,600,1700
Baldwin-Wallace College,1,1690,1366,662,30,61,2718,1460,4410,1000,1000
Bluffton College,1,692,514,209,20,50,760,81,3990,400,900
Bowling Green State University,0,9251,7333,3076,14,45,13699,1213,3352,600,1700
Capital University,1,1747,1382,449,34,66,1662,960,4000,500,800
Case Western Reserve University,1,3877,3156,713,71,93,3051,513,4730,525,1460
Cedarville College,1,1307,1090,616,25,55,2196,82,4410,570,1000
Central State University,0,2222,1767,729,NA,NA,2636,625,4293,604,1164
Cleveland State University,0,2407,2296,1304,5,19,7749,3961,NA,808,NA
College of Mount St. Joseph,1,798,620,238,14,41,1165,1232,4430,400,1150
Franciscan University of Steubenville,1,553,452,228,22,49,1301,242,4400,600,1000
College of Wooster,1,2100,1883,553,29,65,1704,1,4690,500,500
Defiance College,1,571,461,174,10,26,645,283,3670,400,1159
Denison University,1,2762,2279,533,32,60,1835,14,4720,500,600
University of Findlay,1,2165,1783,412,20,43,1854,475,5030,550,650
Franklin University,1,1304,1300,871,4,15,1272,2733,NA,NA,NA
Heidelberg College,1,738,687,241,20,44,964,242,4410,500,500
Hiram College,1,922,729,244,37,66,1000,275,4560,400,1000
John Carroll University,1,2421,2109,820,27,57,3168,392,5550,600,450
Kent State University,0,9210,3040,7425,10,30,15615,3230,3666,500,1350
Kenyon College,1,2212,1538,408,44,75,1445,1,3690,750,480
Lourdes College,1,57,55,32,17,48,435,1174,NA,720,3285
Malone College,1,874,758,428,21,46,1605,246,3700,450,1200
Marietta College,1,1611,960,342,27,60,1089,210,3920,470,810
Mount Union College,1,1310,1086,458,26,61,1365,144,3530,400,1150
Muskingum College,1,1109,922,375,24,46,1115,70,3914,600,800
Notre Dame College of Ohio,1,136,107,42,12,36,377,373,3860,650,700
Oberlin College,1,4778,2767,678,50,89,2587,120,5820,575,1119
Ohio Northern University,1,2936,2342,669,35,62,2502,66,4080,600,825
Ohio University,0,11023,8298,3183,21,54,14861,1310,4095,550,2300
Ohio Wesleyan University,1,2190,1700,458,36,65,1780,48,5650,550,550
Otterbein College,1,1496,1205,428,26,57,1648,936,4440,420,840
Tiffin University,1,845,734,254,5,21,662,351,3800,600,1200
University of Akron,0,6305,5190,3211,NA,NA,12487,9295,3844,550,2100
University of Cincinnati,0,6855,5553,2408,26,57,11036,2011,4697,556,1851
University of Dayton,1,6361,5293,1507,26,51,5889,665,4220,500,900
University of Toledo,0,3055,2959,1527,NA,NA,15428,5370,3719,550,500
Urbana University,1,318,265,132,12,45,745,203,4140,500,750
Ursuline College,1,325,260,86,21,47,699,717,4202,450,750
Walsh University,1,1092,890,477,27,92,847,497,4180,500,1450
Wilberforce University,1,1259,691,227,24,54,775,NA,3392,550,NA
Wilmington College,1,709,602,225,15,37,1372,611,4110,500,1000
Wittenberg University,1,1979,1739,575,42,68,1980,144,4404,400,800
Xavier University,1,1959,1805,695,24,47,2849,1107,4960,600,1250
Youngstown State University,0,3297,2903,1907,13,32,9633,3662,3675,570,1410
Ohio State University at Columbus,0,15076,12860,5330,24,52,31039,6005,4484,525,2550
Mount Vernon Nazarene College,1,510,485,334,18,36,1114,94,3346,600,600
Miami University at Oxford,0,9239,7788,3290,35,39,13606,807,3960,500,1382
Antioch University,1,713,661,252,25,44,712,23,3336,400,1100
Shawnee State University,0,1406,1406,952,NA,NA,2536,1100,NA,NA,NA
Southern Nazarene University,1,538,538,319,NA,NA,1317,201,3717,400,3400
Cameron University,1,1782,1695,1238,15,39,3302,2686,2400,650,1850
Bartlesville Wesleyan College,1,149,114,81,19,41,344,150,2900,500,NA
University of Central Oklahoma,0,3398,3191,1326,9,38,7517,4525,2150,500,1400
East Central University,0,600,550,520,10,39,3255,558,2388,400,1801
Langston University,1,1171,710,400,NA,NA,3236,434,2580,500,2106
Northeastern State University,0,1378,1182,,NA,NA,4952,2123,2280,400,NA
Northwestern Oklahoma State University,0,620,410,346,NA,NA,NA,NA,NA,NA,NA
Oklahoma Baptist University,1,758,681,484,35,59,1707,705,3140,515,1290
Oklahoma Christian University,1,776,765,351,22,44,1419,228,3150,500,1900
Oklahoma City University,1,940,653,275,30,52,1613,541,NA,NA,NA
University of Sci. and Arts of Oklahoma,0,285,280,208,21,43,1140,473,1920,600,1800
Oklahoma State University,0,4522,3913,2181,29,57,12830,1658,3344,800,3100
Oklahoma Panhandle State University,0,350,343,251,8,27,1117,117,1800,90,1800
Phillips University,1,692,576,174,19,50,597,83,3860,600,940
Southeastern Oklahoma State Univ.,0,818,700,447,20,50,2962,651,2619,450,1022
University of Oklahoma,0,4743,3970,2233,32,63,13436,2582,3526,765,3176
University of Tulsa,1,1712,1557,696,41,68,2936,433,4160,1200,2350
Oral Roberts University,1,1223,650,632,13,37,2645,167,3994,480,1000
Western Baptist College,1,259,219,118,NA,NA,513,23,4000,375,2100
Concordia College,1,299,206,81,26,40,811,206,3150,500,750
Eastern Oregon State College,0,949,800,356,NA,NA,1662,529,3636,450,846
George Fox College,1,809,726,294,27,52,1271,43,4130,400,1050
Lewis and Clark College,1,2774,2092,482,35,64,1763,59,4790,450,950
Linfield College,1,1561,1188,458,48,72,1548,840,4210,500,900
Western Oregon State College,0,1438,1279,695,NA,NA,3655,156,3720,660,1830
Oregon State University,0,4675,3948,1637,NA,NA,10332,929,3444,543,2244
Oregon Institute of Technology,0,491,447,271,NA,NA,1774,809,3560,750,2028
Pacific University,1,943,849,288,41,71,1041,35,3994,450,1100
Portland State University,0,1623,1574,837,NA,NA,6194,4992,4365,750,1098
Reed College,1,1966,1436,327,47,80,1199,61,5490,500,450
Southern Oregon State College,0,1237,1037,768,NA,NA,3215,947,3400,600,1550
University of Oregon,0,8631,6732,2546,25,61,11669,1605,3660,570,1530
University of Portland,1,1758,1485,419,27,58,2041,174,4100,600,1100
Warner Pacific College,1,112,87,53,NA,NA,503,91,4032,450,1220
Willamette University,1,1658,1327,395,49,80,1595,159,4620,400,790
Albright College,1,1038,839,227,30,63,973,306,4400,300,500
Allegheny College,1,2652,1900,484,44,77,1707,44,4440,400,600
Alvernia College,1,707,614,168,10,30,801,464,4000,NA,NA
Beaver College,1,1163,850,348,23,56,878,519,5400,400,800
Bryn Mawr College,1,1465,810,313,71,95,1088,16,6750,500,1200
Bucknell University,1,6548,3813,862,49,85,3316,31,4750,800,1200
Cabrini College,1,599,494,224,8,28,1035,446,6250,300,300
Carnegie Mellon University,1,8728,5201,1191,60,89,4265,291,5690,450,1250
Cedar Crest College,1,776,607,198,25,58,791,764,5285,500,1000
Chatham College,1,212,197,91,28,56,471,148,5230,400,850
Chestnut Hill College,1,342,254,126,25,64,518,232,5015,700,850
College Misericordia,1,1432,888,317,29,58,1121,493,5760,550,900
Delaware Valley College,1,1383,1199,435,15,39,1380,846,4530,500,NA
Dickinson College,1,3014,2539,487,31,68,1889,62,5000,595,1250
Drexel University,1,3451,2934,1118,23,50,5306,1963,6180,500,2280
Duquesne University,1,2830,2374,1003,34,64,4253,942,5114,550,NA
Eastern College,1,458,369,165,16,42,1057,355,4800,450,1230
Elizabethtown College,1,2417,1843,426,36,70,1476,299,4400,500,750
Franklin and Marshall College,1,3270,2120,508,46,80,1748,40,NA,590,730
Gannon University,1,2464,1908,678,24,57,2693,691,4280,500,1380
Geneva College,1,668,534,237,19,39,1306,258,4820,500,1100
Gettysburg College,1,3596,2466,575,42,78,1944,46,4328,500,500
Grove City College,1,2491,1110,573,57,88,2213,35,3048,525,350
Gwynedd Mercy College,1,380,237,104,30,56,716,1108,5550,500,500
Haverford College,1,2128,927,292,76,97,1083,NA,6235,685,1100
Holy Family College,1,622,354,169,14,41,1145,1148,NA,675,1500
Immaculata College,1,268,253,103,16,44,494,1305,5364,500,1000
Indiana University of Pennsylvania,0,6373,3264,1625,19,58,11375,1132,2906,500,NA
Juniata College,1,1005,859,298,36,55,1075,43,4460,450,420
King's College,1,1456,1053,381,20,45,500,541,5160,400,1795
Lafayette College,1,4010,2402,572,36,59,2018,226,5740,600,1000
La Salle University,1,2929,1834,622,20,56,2738,1662,5610,450,3160
Lebanon Valley College,1,1386,1060,320,28,56,965,502,4755,400,1125
Lehigh University,1,6397,4304,1092,40,84,4298,132,5580,750,1130
Lincoln University,0,1660,1091,326,15,41,1196,33,3400,350,1400
Lycoming College,1,1286,1005,363,16,37,1363,74,4300,500,900
Marywood College,1,1107,859,323,13,51,1452,402,4500,600,700
Mercyhurst College,1,1557,1074,397,15,40,1805,433,4050,425,1000
Messiah College,1,1742,1382,607,30,64,2258,53,5080,475,1200
Moravian College,1,1232,955,303,23,58,1241,485,4730,550,1250
Carlow College,1,395,318,166,NA,NA,807,1011,4264,500,1000
Muhlenberg College,1,2519,1836,462,30,61,1656,352,4565,600,850
Widener University,1,2139,1492,502,24,64,2186,2171,5370,500,1350
Bloomsburg Univ. of Pennsylvania,0,6773,3028,1025,15,55,5847,946,2948,500,1680
California University of Pennsylvania,0,2746,1505,1028,14,24,4787,789,2940,NA,NA
Cheyney University of Penn.,0,1104,767,287,NA,NA,1130,65,3340,500,NA
East Stroudsburg University of Penn.,0,3812,2227,818,4,27,3947,611,3256,500,NA
Edinboro University of Penn.,0,4419,3074,1349,NA,20,6318,817,3650,500,1500
Kutztown University of Penn.,0,5880,2840,1136,12,33,5866,918,2970,500,NA
Lock Haven University of Pennsylvania,0,3570,2215,651,17,41,3390,325,3620,225,500
Mansfield University of Penn.,0,2694,1725,606,NA,NA,2891,332,3364,650,800
Millersville University of Penn.,0,6011,3075,960,22,60,5146,1532,3830,450,1258
Shippensburg University of Penn.,0,5818,3281,1116,14,53,5268,300,3504,450,1700
Slippery Rock University of Penn.,0,4655,3113,1241,26,67,5965,954,3256,500,NA
West Chester University of Penn.,0,6502,3539,1372,11,51,7484,1904,4108,400,2000
University of the Arts,1,974,704,290,5,22,1145,39,3860,1300,700
Philadelphia Coll. of Textiles and Sci.,1,1538,1259,468,19,42,1664,1042,5062,600,1664
Point Park College,1,875,744,207,7,38,1173,1402,4830,400,1200
Robert Morris College,1,907,771,387,NA,NA,2621,1808,4326,500,1000
Seton Hill College,1,936,794,197,24,56,752,210,4180,350,2000
Saint Francis College,1,1046,824,284,21,45,1223,451,5050,400,1235
Saint Joseph's University,1,2519,2003,776,39,71,2473,1314,6350,350,1690
Saint Vincent College,1,700,595,278,19,35,1035,182,3936,500,900
Susquehanna University,1,2096,1512,465,27,59,1442,166,4710,400,800
Swarthmore College,1,3203,1255,413,81,97,1387,NA,6584,772,728
Temple University,0,7987,5145,2399,15,37,14726,4666,5282,600,3324
Thiel College,1,1154,951,253,15,31,791,140,4958,700,1350
University of Pennsylvania,1,12394,5232,2464,85,100,9205,531,7270,500,1544
University of Pittsburgh-Main Campus,0,8586,6383,2503,25,59,13138,4289,4560,400,900
University of Scranton,1,4471,2942,910,29,60,3674,493,5986,650,800
Ursinus College,1,1399,1026,308,44,77,1131,17,5160,500,800
Villanova University,1,7759,5588,1477,30,68,6362,1292,6507,400,300
Washington and Jefferson College,1,1305,1100,334,42,64,1098,151,4005,300,500
Waynesburg College,1,1190,978,324,12,30,1280,61,3620,500,1200
Westminster College,1,996,866,377,29,58,1411,72,3615,430,685
Wilkes University,1,1631,1431,434,15,36,1803,603,5130,550,1260
Wilson College,1,167,130,46,16,50,199,676,5084,450,475
York College of Pennsylvania,1,2989,1855,691,28,63,2988,1726,3560,500,1250
Allentown Coll. of St. Francis de Sales,1,1179,780,290,38,64,1130,638,4785,600,1000
La Roche College,1,361,321,185,10,41,650,819,4782,600,1100
Neumann College,1,245,180,69,17,23,485,752,NA,500,NA
Pennsylvania State Univ. Main Campus,0,19315,10344,3450,48,93,28938,2025,4060,512,2394
Clarion University of Pennsylvania,0,2740,2497,1188,NA,NA,4828,605,2924,550,1498
Brown University,1,12586,3239,1462,87,95,5643,349,5926,720,1100
Bryant College,1,2198,1786,632,15,43,2556,1004,6410,500,700
Providence College,1,5139,3346,973,20,55,3717,1358,6200,450,1100
Rhode Island College,0,2310,1767,1030,15,50,4882,2706,5137,500,NA
Rhode Island School of Design,1,1831,842,379,17,45,1846,NA,6672,1500,1700
Salve Regina University,1,1475,1257,362,7,20,1393,278,6500,500,NA
University of Rhode Island,0,9643,7751,1968,12,40,8894,2456,5558,500,1250
Roger Williams University,1,3304,2804,679,10,20,2111,1489,6050,500,730
Charleston Southern University,1,1199,904,397,NA,NA,1533,734,3170,750,1890
Benedict College,1,1622,1472,341,NA,NA,1203,63,2992,120,2200
Central Wesleyan College,1,174,146,88,8,29,1047,33,3080,600,600
The Citadel,0,1500,1242,611,12,36,2024,292,2439,400,779
Claflin College,1,1196,697,499,21,47,959,13,2460,500,1000
Clemson University,0,8065,5257,2301,37,65,11755,770,3610,800,1618
Coker College,1,604,452,295,15,47,690,222,4502,400,1000
College of Charleston,0,4772,3140,1265,22,55,6851,1200,3460,666,2316
Columbia College,1,737,614,242,21,67,968,237,3975,500,1500
Converse College,1,440,407,149,35,70,643,80,3700,500,900
Erskine College,1,659,557,167,47,74,532,35,3840,475,1246
Furman University,1,2161,1951,685,56,82,2371,175,4048,600,1250
Lander University,0,1166,1009,510,9,33,2074,341,2987,528,1702
Limestone College,1,725,554,369,5,40,786,682,3500,300,NA
Morris College,1,882,730,330,2,13,926,12,2550,850,2100
Newberry College,1,872,722,154,14,36,601,36,2600,500,1500
Presbyterian College,1,1082,832,302,34,63,1133,30,3635,554,1429
South Carolina State University,0,2556,1752,946,7,16,4396,515,2736,600,NA
University of South Carolina at Columbia,0,7693,5815,2328,30,66,12594,3661,3522,495,2941
University of South Carolina at Aiken,0,848,560,377,14,24,1855,1412,3066,500,1500
Coastal Carolina University,0,1854,1391,732,9,28,3020,1174,4090,600,NA
Voorhees College,1,1465,1006,188,10,30,703,20,2522,500,1200
Winthrop University,0,2320,1805,769,24,61,3395,670,3392,580,2150
Wofford College,1,1501,935,273,51,83,1059,34,4150,605,1440
Univ. of South Carolina at Spartanburg,0,885,553,381,13,38,2207,1058,NA,312,NA
Francis Marion University,0,1801,1655,819,13,38,3224,436,3138,400,2430
Augustana College,1,761,725,306,21,58,1337,300,3244,600,1021
Black Hills State University,0,938,938,588,7,23,2629,1283,2714,500,NA
Dakota Wesleyan University,1,342,182,135,12,32,538,228,2710,600,1400
Dakota State University,0,385,358,229,5,21,988,597,2604,600,NA
Huron University,1,600,197,124,3,9,392,69,3090,600,1840
Mount Marty College,1,279,276,126,17,37,600,435,2980,500,500
Northern State University,0,2056,2054,2054,10,40,2239,686,2202,550,1925
Sioux Falls College,1,437,400,211,13,35,614,271,3064,500,1700
South Dakota School of Mines and Tech.,0,1034,932,866,27,55,1691,557,2900,500,1707
South Dakota State University,0,2807,2589,1701,13,37,7000,1103,2190,500,1970
University of South Dakota,0,2160,2031,1268,15,39,5368,1066,2620,675,1118
Austin Peay State University,0,2863,2154,1179,NA,NA,4772,2763,2930,700,1572
Belmont University,1,1220,974,481,28,67,1964,623,3664,650,900
Bethel College,1,502,384,104,11,28,347,74,2900,600,800
Carson-Newman College,1,1096,951,464,27,62,1776,239,3150,400,500
Christian Brothers University,1,880,520,224,16,42,1068,364,3260,600,900
Cumberland University,1,308,281,199,12,32,491,251,2950,250,NA
David Lipscomb University,1,1239,1134,611,NA,NA,1957,343,3340,500,1700
East Tennessee State University,0,3330,2730,1303,15,36,6706,2640,3000,600,2200
Fisk University,1,1078,720,226,24,36,850,NA,3690,600,1900
Freed-Hardeman University,1,895,548,314,20,54,1174,50,3340,600,1600
King College,1,355,300,142,34,65,509,44,3350,600,3000
Knoxville College,1,503,408,293,13,46,776,68,3150,600,1092
Lambuth University,1,831,538,224,15,35,840,325,3430,600,1590
Lee College,1,651,498,453,NA,23,1831,180,3320,500,1800
LeMoyne-Owen College,1,409,261,177,15,59,983,149,1700,500,500
Lincoln Memorial University,1,787,562,363,21,55,925,605,2890,600,1300
Maryville College,1,1464,888,176,26,52,624,128,4208,500,1642
University of Memphis,0,3921,2557,1691,NA,NA,10621,4864,2500,500,900
Middle Tennessee State University,0,4587,3423,2132,NA,NA,12541,2885,2352,500,NA
Milligan College,1,610,461,189,26,52,685,49,3300,550,1000
Southern Coll. of Seventh-day Adventists,1,699,660,349,NA,NA,1198,296,3496,504,900
Rhodes College,1,2302,1831,391,58,82,1345,59,4768,550,1500
Tennessee State University,0,6626,4122,721,24,31,4566,1913,2290,NA,NA
Tennessee Technological University,0,2594,2542,1580,11,29,6461,910,3625,700,1400
Tennessee Wesleyan College,1,232,182,99,7,29,402,237,3640,400,3158
Trevecca Nazarene College,1,272,272,145,13,50,770,213,3270,500,800
Tusculum College,1,626,372,145,12,34,983,40,3400,450,800
Union University,1,846,752,406,35,84,1688,502,2530,550,600
University of Tennessee at Chattanooga,0,2091,1338,991,NA,NA,5359,1758,3304,600,1025
University of Tennessee at Knoxville,0,7473,5372,3013,27,53,15749,3237,3262,750,3300
University of Tennessee at Martin,0,1934,1500,1123,NA,NA,4669,675,2890,500,1000
University of the South,1,1445,966,326,46,83,1129,24,4080,450,810
Vanderbilt University,1,7791,4690,1499,71,92,5500,90,6525,630,952
Bryan College,1,315,242,108,NA,NA,410,15,3950,450,NA
Abilene Christian University,1,1660,1232,721,23,52,2885,537,3300,450,2200
Angelo State University,0,3540,2001,1016,24,54,4190,1512,3592,500,2000
Austin College,1,948,798,295,42,74,1120,15,4342,400,1150
Concordia Lutheran College,1,232,216,106,16,34,534,172,3800,450,1825
Dallas Baptist University,1,360,314,155,37,64,848,1542,3270,500,NA
East Texas Baptist University,1,379,341,265,10,36,1050,151,2780,530,1500
East Texas State University,0,2219,1441,719,NA,NA,4129,1343,3380,810,1080
Hardin-Simmons University,1,467,424,350,16,40,1365,334,2980,700,2140
Howard Payne University,1,516,454,322,13,34,1201,214,2992,400,NA
Houston Baptist University,1,413,330,215,NA,55,1247,430,2340,600,NA
Huston-Tillotson College,1,261,159,114,7,20,455,84,3624,500,1857
Incarnate Word College,1,1163,927,386,16,49,1685,556,4689,750,2775
Lamar University,0,2336,1725,1043,10,27,5438,4058,3040,508,1463
LeTourneau University,1,477,417,204,29,54,1532,77,4240,600,1400
Lubbock Christian University,1,550,500,275,9,29,863,218,2954,300,NA
University of Mary Hardin-Baylor,1,478,416,259,15,35,1351,555,3136,600,1200
McMurry University,1,578,411,187,25,50,880,477,3452,400,1525
Midwestern State University,0,1597,1125,751,NA,NA,3404,1734,3436,630,1838
University of North Texas,0,4418,2737,2049,23,51,14047,5134,3579,450,1700
Our Lady of the Lake University,1,2308,1336,295,22,46,1202,942,3644,616,1576
University of Texas-Pan American,0,4040,4040,1800,NA,46,7410,3055,2536,NA,NA
Rice University,1,7935,1514,633,87,95,2674,NA,5725,525,1330
Sam Houston State University,0,4839,3549,1577,41,41,8901,2245,2970,900,NA
Schreiner College,1,584,413,131,19,51,521,99,5900,500,1488
Southern Methodist University,1,4301,3455,1166,41,69,4892,387,5078,576,1802
Southwest Texas State University,0,8532,5316,2421,14,48,13806,4277,3676,500,NA
Southwestern Adventist College,1,321,318,172,11,27,620,280,3736,430,1651
Southwestern University,1,1244,912,352,44,77,1177,43,4675,600,1050
St. Edward's University,1,1272,1012,375,20,45,1732,936,4070,600,NA
St. Mary's University of San Antonio,1,1243,1020,414,33,60,2149,418,3858,700,1736
Stephen F. Austin State University,0,5870,4461,2272,12,32,9851,1289,3610,200,NA
Prairie View A. and M. University,0,2405,2234,1061,10,22,4564,448,3500,598,1582
Tarleton State University,0,1195,1095,923,NA,28,4856,724,2784,1000,NA
Texas Christian University,1,4095,3079,1195,33,64,5064,660,3320,650,2400
Jarvis Christian College,1,575,482,206,9,18,542,9,3060,350,NA
Texas College,1,254,189,189,15,26,503,40,2430,300,300
Texas A&M University at Kingsville,0,1822,1481,1055,10,33,4455,941,NA,NA,NA
Texas Lutheran College,1,497,423,215,27,57,895,429,3410,490,1700
Texas Southern University,0,4345,3245,2604,15,85,5584,3101,3360,600,1700
Texas Tech University,0,6334,5051,2957,25,58,16785,2780,3688,530,NA
Texas Wesleyan University,1,592,501,279,19,44,1204,392,3484,600,1800
Texas Woman's University,0,989,777,474,NA,NA,3791,1961,2942,700,1200
Trinity University,1,2425,1818,601,62,93,2110,95,5150,500,490
University of Dallas,1,681,588,246,44,74,1058,73,6230,500,1200
University of Houston-Main Campus,0,6233,3990,2150,32,65,15340,9355,3980,600,NA
University of St. Thomas,1,374,280,185,45,77,995,408,4050,500,1344
University of Texas at Arlington,0,3281,2559,1448,19,43,10975,8431,2780,500,2850
University of Texas at Austin,0,14752,9572,5329,48,85,30017,5189,3309,650,3140
University of Texas at El Paso,0,3528,2941,2252,NA,38,9551,4817,NA,NA,NA
Wayland Baptist University,1,253,216,196,NA,NA,829,1817,2791,600,1702
West Texas A&M University,0,1950,1506,1023,7,35,4111,1301,2706,500,NA
Baylor University,1,6075,5349,2367,34,66,9919,484,3920,600,1346
University of Texas at Dallas,0,1089,780,410,46,79,2106,2919,4953,645,2979
Univ. of Texas of the Permian Basin,0,116,90,59,14,46,841,704,NA,600,2923
University of Texas at San Antonio,0,4217,3100,1686,17,46,9375,5457,5376,452,1200
Texas A&M University at Galveston,0,529,481,243,22,47,1206,134,3122,600,650
Texas A&M Univ. at College Station,0,14474,10519,6392,49,85,31643,2798,3412,600,2144
University of Houston - Downtown,0,1541,1541,1108,NA,NA,3357,4701,NA,500,2585
Ambassador University,1,397,244,223,32,61,1083,58,2900,500,1150
Brigham Young University at Provo,1,7365,5402,4615,48,82,27378,1253,3580,860,1220
University of Utah,0,5095,4491,2400,27,53,13894,8374,3975,858,3093
Utah State University,0,4281,3825,2426,26,53,10657,4257,3315,700,1460
Southern Utah University,0,1685,1640,856,NA,NA,3684,678,2634,756,1794
Weber State University,0,2632,2509,1750,NA,46,8609,5680,2595,537,1752
Westminster College of Salt Lake City,1,917,720,213,21,60,979,743,4050,600,2025
Averett College,1,627,556,172,16,40,777,538,4135,750,1350
Bluefield College,1,377,358,181,15,30,653,129,4350,450,1500
Bridgewater College,1,838,673,292,22,53,881,55,4725,560,875
College of William and Mary,0,7117,3106,1217,68,88,5186,134,4298,600,800
Christopher Newport University,0,883,766,428,3,37,2910,1749,4750,525,1889
Eastern Mennonite College,1,486,440,227,19,48,903,59,3800,600,1300
Emory & Henry College,1,765,646,226,30,60,809,32,4408,700,1600
Ferrum College,1,1339,1107,336,12,36,1051,82,4200,500,1600
Hampden - Sydney College,1,817,644,307,20,40,945,1,4773,660,600
Hampton University,1,7178,3755,1433,25,63,4623,740,3518,600,2000
Hollins College,1,602,498,215,26,58,795,74,5515,500,850
Longwood College,0,2747,1870,724,12,47,2874,118,3962,550,2200
Lynchburg College,1,1756,1500,366,3,21,1524,280,5400,450,870
James Madison University,0,11223,5285,2082,32,72,9652,742,4544,500,732
Mary Baldwin College,1,499,441,199,26,52,846,377,7400,600,1300
Marymount University,1,941,772,214,10,30,1247,776,5280,500,750
Old Dominion University,0,4569,3110,1251,18,39,8346,2501,4540,600,NA
Radford University,0,5702,4894,1742,15,37,8077,472,4110,500,900
Randolph-Macon College,1,1771,1325,306,21,46,1071,27,3735,400,900
Randolph-Macon Woman's College,1,696,616,169,35,66,653,56,6110,370,920
Virginia Commonwealth University,0,4963,3497,1567,18,45,10262,5065,4182,500,3630
Roanoke College,1,2227,1790,437,27,54,1460,239,4425,450,1200
Shenandoah University,1,818,620,218,NA,NA,868,247,4500,450,1400
St. Paul's College,1,651,581,243,8,17,617,34,3650,600,600
Sweet Briar College,1,462,402,146,36,68,527,41,6000,500,600
University of Richmond,1,5892,2718,756,46,72,2854,594,3285,700,1125
Mary Washington College,0,4350,2178,756,39,78,2997,736,4942,650,2102
Clinch Valley Coll. of  the Univ. of Virginia,0,689,561,250,15,30,1125,422,3689,600,1900
George Mason University,0,5653,4326,1727,17,29,9528,3822,4840,580,1050
Virginia Intermont College,1,411,354,138,14,42,495,61,3980,600,3000
Virginia Military Institute,0,904,683,349,16,34,1191,NA,3800,600,1000
Virginia Tech,0,15712,11719,4277,29,53,18511,604,3176,740,2200
Virginia State University,0,2996,2440,704,2,30,3006,338,4845,500,600
Norfolk State University,0,4066,3891,1358,NA,NA,6640,972,3600,350,2000
Virginia Union University,1,1847,1610,453,19,59,1298,67,3494,500,1763
Virginia Wesleyan College,1,1470,900,287,20,49,1130,417,5100,500,550
Washington and Lee University,1,3315,1096,425,68,93,1584,3,4619,680,1115
University of Virginia,0,15849,5384,2678,74,95,11278,114,3792,500,1000
Liberty University,1,2814,2810,769,NA,NA,3350,253,4380,550,NA
Christendom College,1,81,72,51,33,71,139,3,3600,400,800
Bennington College,1,519,327,114,25,53,457,2,4100,600,500
Castleton State College,0,1257,940,363,9,22,1547,294,4690,400,700
College of St. Joseph,1,141,118,55,12,21,201,173,4850,450,1300
Goddard College,1,96,87,49,NA,NA,257,NA,5104,525,945
Green Mountain College,1,780,628,198,7,20,545,42,2700,400,850
Johnson State College,0,833,669,279,3,13,1224,345,4690,500,624
Lyndon State College,0,535,502,223,6,20,959,150,4640,500,600
Marlboro College,1,268,187,63,NA,NA,260,11,6075,300,300
Middlebury College,1,3456,1171,451,64,89,2016,39,NA,540,1000
Norwich University,1,1743,1625,626,8,29,1862,382,5270,500,800
Southern Vermont College,1,520,204,108,11,27,418,279,4514,500,1150
Saint Michael's College,1,1910,1380,463,16,64,1715,106,5860,500,750
Trinity College,1,222,185,91,16,41,484,541,5208,550,500
University of Vermont,0,7663,6008,1735,18,51,7353,1674,4928,500,990
Central Washington University,0,2785,2011,1007,8,65,6507,898,3603,654,1416
Eastern Washington University,0,2231,1908,767,NA,NA,6561,559,3914,687,1437
Heritage College,1,97,62,21,NA,NA,286,227,NA,672,2424
Gonzaga University,1,1886,1524,526,31,67,2523,296,4450,600,2400
Pacific Lutheran University,1,1603,1392,504,31,68,2580,302,4488,600,1516
Seattle Pacific University,1,1183,1016,411,42,82,1922,704,4875,600,1250
Seattle University,1,2115,1540,494,28,72,2993,347,4375,500,1500
St. Martin's College,1,191,165,63,5,25,494,574,4270,300,500
University of Puget Sound,1,4044,2826,688,51,83,2738,138,4500,630,1800
University of Washington,0,12749,7025,3343,40,81,20356,4582,4218,708,2172
Walla Walla College,1,559,402,308,NA,NA,1522,151,3417,705,1675
Washington State University,0,6540,5839,2440,31,70,14445,1344,4210,800,2719
Western Washington University,0,5548,3563,1549,30,71,8909,506,4144,639,2385
Whitman College,1,1861,998,359,45,77,1220,46,4900,750,800
Whitworth College,1,1121,926,372,43,70,1270,160,4500,678,2424
Evergreen State College,0,1801,1101,438,14,50,3065,363,4600,600,1323
Alverno College,1,494,313,157,23,46,1317,1235,3640,650,2449
Beloit College,1,1320,923,284,26,54,1085,81,3616,355,715
Carroll College,1,1160,991,352,19,55,1357,737,3880,480,930
Carthage College,1,1616,1427,434,20,43,1405,580,3775,500,1300
Concordia University Wisconsin,1,845,690,323,NA,NA,1870,1720,3400,600,1260
Lakeland College,1,497,452,231,24,47,887,1957,4005,500,1000
Lawrence University,1,1243,947,324,50,77,1129,74,3891,525,975
Marian College of Fond du Lac,1,824,670,337,15,41,1160,653,3400,500,1100
Marquette University,1,5152,4600,1685,36,71,7016,804,4760,600,1950
Milwaukee School of Engineering,1,1217,1088,496,36,69,1773,884,3255,1000,2075
Mount Mary College,1,235,217,121,12,32,931,487,3119,550,1125
Northland College,1,907,802,200,15,30,726,61,3750,350,NA
Ripon College,1,587,501,211,28,52,735,28,4100,350,650
St. Norbert College,1,1334,1243,568,30,56,1946,95,4450,425,1100
University of Wisconsin at Madison,0,14901,10932,4631,36,80,23945,2200,4290,535,1545
University of Wisconsin at Milwaukee,0,5244,3782,1930,12,37,11561,7443,2964,570,1980
University of Wisconsin at Green Bay,0,2409,1939,759,17,50,3819,1347,2800,475,1200
Viterbo College,1,647,518,271,17,43,1014,387,3365,500,2245
University of Wisconsin-Stout,0,2593,1966,1030,9,32,6038,579,2592,376,1750
Univ. of Wisconsin at Eau Claire,0,5729,4520,1957,20,52,8516,1264,2705,279,1260
Univ.  of Wisconsin at La Crosse,0,4918,3965,1704,18,50,7306,707,2270,NA,1700
Univ. of Wisconsin at Platteville,0,2733,2000,917,NA,NA,4381,437,2515,300,1500
Univ. of Wisconsin at Stevens Point,0,4191,3090,1375,17,46,7198,998,2958,300,1230
University of Wisconsin-Superior,0,910,910,342,14,53,1434,417,2780,550,1960
University of Wisconsin-Whitewater,0,4400,3719,1472,12,38,7804,1552,2500,300,1200
University of Wisconsin at Parkside,0,1705,1339,772,9,28,2999,1825,NA,NA,NA
Univ. of Wisconsin at OshKosh,0,4800,2900,1515,14,48,7764,1472,2394,518,1890
Wisconsin Lutheran College,1,152,128,75,17,41,282,22,3700,500,1400
Alderson-Broaddus College,1,582,498,172,21,44,799,78,3380,660,1800
Bethany College,1,664,515,210,12,44,712,10,5750,400,1500
Bluefield State College,0,1046,832,518,15,57,1463,1150,NA,600,2026
Concord College,1,1497,1469,383,NA,NA,2028,773,3236,400,1874
Davis & Elkins College,1,629,501,183,10,26,754,187,4450,400,NA
Fairmont State College,0,2485,1800,1800,10,25,4540,2073,3040,600,NA
Glenville State College,0,1246,1246,553,8,22,1595,669,3264,600,2000
Marshall University,1,4226,3666,2007,14,60,7703,2339,4010,700,1560
University of Charleston,1,682,535,204,22,43,771,611,3540,400,750
Salem-Teikyo University,1,489,384,120,23,52,700,45,3952,400,620
Shepherd College,1,1405,1167,557,20,65,2452,1113,3890,700,1665
West Liberty State College,0,1164,1062,478,12,25,2138,227,2890,600,1210
West Virginia Institute of Technology,0,1594,1572,675,NA,NA,2432,616,3752,500,NA
West Virginia University,0,9630,7801,2881,23,49,14524,1053,4310,NA,NA
West Virginia Wesleyan College,1,1566,1400,483,28,55,1509,170,3775,450,1100
Wheeling Jesuit College,1,903,755,213,15,49,971,305,4545,600,600
University of Wyoming,0,2029,1516,1073,23,46,7535,1488,3422,600,1500
